SFTECH,Unemp,FedFund,Govn10Yr,MinWage,CPI,DispInc,IndProd,CapUtil,PCE,PPI,SupplyofHouses,Dis.IncPerCap,PSAVERT,MORTGAGE30US,Monetarybase,MedHouseSales,INVCMRMTSPL,Permits,BankLoanRates,AaaBonds,BaaBonds,FedNatActIndex,TotalReserveBalance,TotalReserDeposit,BorrowingsFR,NASDAQCOM,natFinCondIndex,RecessionIndic,AllEmpl
0.93,5.9,4.63,6.39,1.6,40.3,3543.2,38.94,79.49,692.2,127.4,4.1,17087,13.4,7.43,68.57,25500,547136.7,1972,5.46,7.53,8.62,0.69,25.16,30.33,0.28,109.57,1.04,0,54.38412
0.94,5.9,4.91,6.52,1.6,40.5,3616.1,39.1,79.62,700.8,127.2,4.2,17422,14.4,7.53,68.97,26100,547897.92,1903,5.5,7.64,8.75,0.36,24.86,30.09,0.49,108.57,0.87,0,54.3887
0.95,6,5.31,6.73,1.6,40.6,3566.1,38.99,79.19,699.9,126.9,3.9,17164,13.6,7.6,69.53,25200,550004.12,2069,5.91,7.64,8.76,-0.12,25.25,30.57,0.82,109.3,0.84,0,54.43602
0.95,6.1,5.56,6.58,1.6,40.7,3585.7,38.76,78.53,706,127.2,4,17239,13.6,7.7,69.89,25300,553913.99,2004,6,7.59,8.76,-0.17,25.1,30.45,0.81,106.51,1.38,0,54.478
0.96,6,5.55,6.14,1.6,40.8,3595,39.39,79.6,714.1,127.5,5.3,17265,12.9,7.69,70.39,25400,554835.21,1996,6,7.44,8.59,1.49,25.35,30.78,0.5,109.52,1.77,0,54.66654
0.96,5.8,5.2,5.93,1.6,40.9,3607.9,39.69,80,716.9,127.8,5.3,17308,13,7.63,70.49,25600,555363.7,2026,5.9,7.39,8.48,0.6,25.42,30.81,0.36,108.41,1.58,0,54.68563
0.98,6,4.91,5.81,1.6,41,3619.7,39.86,80.14,722.1,127.9,5.7,17348,12.8,7.55,70.89,25700,553894.6,2079,5.53,7.26,8.38,0.85,25.48,30.93,0.38,103.59,1.3,0,54.84134
1.01,6,4.14,5.93,1.6,41.1,3644.5,40.32,80.86,729.6,126.8,6.7,17452,12.9,7.48,71.02,25300,555852.44,2133,5.49,7.25,8.38,1.3,25.67,31.35,0.13,109.81,1.13,0,55.04133
1.05,5.8,3.5,5.95,1.6,41.2,3624.1,41.29,82.59,732.6,125.4,5.8,17341,12.4,7.44,71.55,24700,557946.04,2238,5.18,7.19,8.23,2.22,26.98,32.89,0.02,116.54,0.81,0,55.29857
1.07,5.7,3.29,6.08,1.6,41.4,3644,41.68,83.19,737.3,125,5.3,17424,12.6,7.33,72.33,26500,557169.3,2169,4.75,7.27,8.23,0.7,26.4,31.94,0.03,122.66,0.46,0,55.45658
1.07,5.8,3.83,6.07,1.6,41.4,3654,41.98,83.58,750.4,124.7,5.2,17458,11.5,7.3,72.53,27400,558294.16,2105,4.75,7.24,8.24,1.48,26.52,31.88,0.1,127.55,0.22,0,55.68023
1.07,5.7,4.17,6.19,1.6,41.5,3658.6,42.42,84.26,753.8,124.9,5,17466,11.3,7.29,72.95,26700,561114.08,2139,4.97,7.3,8.24,1.19,27.16,32.58,0.12,131.81,0.07,0,55.84663
1.07,5.7,4.27,6.13,1.6,41.6,3683.4,42.4,84.01,759.2,125.1,5.2,17570,11.5,7.37,73.35,27000,564678.72,2067,5,7.3,8.23,0.76,27.38,32.84,0.11,130.5,-0.05,0,56.07868
1.08,5.7,4.46,6.11,1.6,41.7,3691.6,42.52,84.04,762.9,124.8,5.6,17595,11.4,7.37,73.9,26800,565417.64,2183,5.04,7.23,8.2,0.87,27.01,32.54,0.1,130.98,-0.02,0,56.30233
1.09,5.6,4.55,6.11,1.6,41.8,3720.8,42.5,83.79,771.2,124.9,5.8,17719,11.4,7.4,74.29,27700,565795.83,2195,5.25,7.21,8.23,-0.12,27.41,33.06,0.24,129.18,0.07,0,56.26264
1.1,5.6,4.8,6.21,1.6,41.9,3755.5,43.06,84.68,777.7,124.2,5.2,17868,11.8,7.4,74.85,28100,571061.34,2263,5.27,7.19,8.19,2.21,27.39,33.08,0.39,130.62,-0.02,0,56.59087
1.11,5.5,4.87,6.55,1.6,42.1,3769.3,43.39,85.09,782.5,123.8,6.3,17917,12,7.42,75.15,28000,574612.42,2393,5.5,7.22,8.09,1.17,27.27,33.05,0.54,128.28,-0.24,0,56.68628
1.13,5.6,5.04,6.48,1.6,42.2,3863,43.97,85.97,796.3,124,6.1,18346,12.7,7.42,75.94,28900,577249.05,2354,5.73,7.21,8.06,2.14,28.05,33.76,0.56,128.4,-0.37,0,56.99924
1.16,5.3,5.06,6.28,1.6,42.4,3906.8,44.49,86.72,801.8,123.6,8.1,18538,13.4,7.43,76.45,29100,580435.52,2234,5.75,7.12,7.99,2,26,31.81,0.61,132.67,-0.4,0,57.22366
1.19,5.2,5.33,6.36,1.6,42.5,3922,45,87.45,807.5,122.8,8.9,18596,13.4,7.44,77.04,29700,581068.74,2419,5.79,7.08,7.93,1.88,25.32,31.42,1.05,133.31,-0.36,0,57.45495
1.22,4.9,5.94,6.46,1.6,42.7,3902,45.29,87.74,817.9,122.9,7.5,18488,12.1,7.44,77.93,29900,586406.01,2271,6,7.15,7.9,1.61,26.4,32.86,1.16,133.53,-0.06,0,57.72287
1.24,5,6.58,6.64,1.6,43,3930.1,45.96,88.75,827.2,122.3,6.7,18610,12.2,7.44,78.26,29700,589560.47,2226,6.02,7.22,7.97,2.03,25.7,31.73,1.59,124.5,0.45,0,58.02514
1.27,4.9,7.09,6.71,1.6,43.4,3942.6,45.99,88.5,834.2,122.6,6,18655,12.4,7.46,79.1,31400,591528.01,2062,6.3,7.29,8.03,0.82,26.04,31.89,1.82,119.58,0.88,0,58.22971
1.3,5,7.12,6.67,1.6,43.7,3948.6,45.93,88.09,837.2,123.6,6.6,18670,12.8,7.54,79.64,32800,594507.93,1908,6.61,7.26,8.09,0.2,26.53,32.35,1.71,112.95,0.99,0,58.35948
1.32,4.9,7.84,6.85,1.6,43.9,3954.5,46.22,88.35,843.1,124.7,6.4,18683,12.8,7.65,79.96,32000,596867.23,1931,7.01,7.29,8.06,0.73,26.41,32.41,1.84,106.37,0.97,0,58.50527
1.35,4.9,8.49,6.9,1.6,44.2,3965.4,46.25,88.11,845.8,125.2,6.9,18720,13.2,7.73,80.38,33100,600668.49,2051,7.49,7.37,8.13,0.47,26.1,32.19,1.85,101.75,1.01,0,58.68923
1.36,4.8,10.4,7.13,1.6,44.2,3974.7,46.44,88.17,855.7,125.7,7.9,18749,12.8,8.05,81.46,34200,604094.47,1819,8.3,7.45,8.24,0.63,27.21,33.48,1.95,104.69,1.32,0,58.70755
1.38,4.8,10.5,7.4,1.6,45,3963,46.36,87.73,854.9,126.9,8.3,18677,13.6,8.5,81.58,33200,603207.18,1809,9.23,7.68,8.53,-0.32,27.42,33.71,2.17,104.39,1.79,0,58.9022
1.41,4.8,10.78,7.09,1.6,45.2,3982.6,46.78,88.22,870.9,128,9.3,18752,12.8,8.82,82.02,33200,605135.93,1704,9.86,7.63,8.63,1,27.61,34.01,1.85,107.64,2.11,0,58.98616
1.45,4.6,10.01,6.79,1.6,45.6,4018.1,47.09,88.54,869.8,127.7,10.1,18904,14,8.77,82.66,33300,609030.28,1411,9.94,7.6,8.41,1.54,28.57,34.94,1.48,112.36,2.12,0,59.23806
1.49,4.8,10.03,6.73,1.6,45.9,4024.7,47.34,88.73,878.6,128.3,11.5,18921,14,8.58,82.96,34000,614517.86,1402,9.75,7.67,8.42,1.24,28.39,34.77,1.39,101.29,1.98,0,59.47163
1.52,4.9,9.95,6.74,1.6,46.3,4008.5,47.23,88.26,878.4,127.8,14.1,18832,14.4,8.54,83.48,35700,619567.13,1288,9.75,7.68,8.48,-0.45,28.47,35.11,1.3,90.79,1.71,1,59.56552
1.54,5.1,9.65,6.99,1.6,46.8,3981.7,46.9,87.39,886.4,128.3,11.3,18693,14,8.54,84.28,34200,621515.28,1331,9.73,7.83,8.48,-0.4,29.39,36.58,1.05,94.21,1.15,1,59.61819
1.55,5.2,8.97,6.96,1.6,47.3,3950.4,46.75,86.88,891.6,129.8,9.3,18534,13.8,8.46,85.02,34900,622840.87,1360,9.21,7.85,8.53,-0.35,28.64,35.24,1.19,92.2,0.63,1,59.73269
1.55,5.1,9.35,7.21,1.6,47.8,3921,46.77,86.67,903.3,130.8,7.4,18384,13,8.41,85.39,36000,627384.92,1440,8.85,8.01,8.62,0.08,28.48,34.93,1.31,94.97,0.66,1,59.76475
1.56,5.1,10.51,7.51,1.6,48.1,3917.5,46.6,86.15,912.7,130.7,7.7,18354,12.7,8.58,86.46,35700,629659.86,1254,10.02,8.25,8.87,-0.53,29.55,35.95,1.74,89.59,1.45,1,59.83039
1.6,5.1,11.31,7.58,2,48.6,3913.4,46.98,86.64,924.3,131.6,6.8,18321,12.3,8.97,87.08,35700,634123.43,1138,11.25,8.37,9.05,0.75,29.88,36.49,2.59,83.4,2.75,1,59.95634
1.65,5.4,11.93,7.54,2,49,3911.1,46.92,86.34,929.9,133.8,7.8,18296,12.5,9.09,87.65,35100,637752.08,1086,11.54,8.47,9.27,-0.36,29.79,36.46,3.01,81,4.02,1,59.99832
1.69,5.5,12.92,7.81,2,49.3,3932.2,46.95,86.2,939.8,133.7,8,18379,12.7,9.28,88.33,36800,638694.64,1002,11.97,8.72,9.48,-0.48,30.5,37.32,3.3,72.44,4.61,1,60.02351
1.72,5.5,12.01,8.04,2,49.9,3913.8,46.49,85.19,956.6,132.9,8.3,18277,11.6,9.59,88.66,35700,636886.13,917,12,9,9.77,-1.15,30.27,37.04,3.34,66.58,4.47,1,60.0113
1.78,5.9,11.34,8.04,2,50.6,3907.5,46.51,85.06,956.8,134.7,8.8,18229,12.3,9.96,89.36,36200,640350.9,840,12,9.24,10.18,-1.17,30.14,37.07,3.28,58.64,3.93,1,60.00519
1.82,6,10.06,7.9,2,51,3926.2,46.34,84.58,961,135.4,10.7,18301,13,9.98,89.95,37200,644852.28,824,11.68,9.27,10.48,-1.51,30.02,36.87,1.81,60.58,3.27,1,60.01893
1.83,6.6,9.45,7.68,2,51.5,3906.2,44.82,81.65,958,135,11.7,18194,13.4,9.79,90.58,37300,648361.66,783,10.83,8.89,10.6,-3.83,29.85,36.78,1.25,63.94,2.56,1,59.73803
1.82,7.2,8.53,7.43,2,51.9,3906,43.24,78.64,963.6,136.2,14.4,18180,13.6,9.62,91.44,37400,654626.95,869,10.5,8.89,10.63,-5.15,29.68,36.86,0.73,59.16,2.08,1,59.27699
1.79,8.1,7.13,7.5,2.1,52.3,3904.5,42.64,77.43,977.4,140,11.7,18161,12.8,9.43,91.05,37200,653887.06,726,10.05,8.83,10.81,-3.15,29.91,37.7,0.4,64.46,1.51,1,59.00219
1.76,8.1,6.24,7.39,2.1,52.6,3906.1,41.66,75.51,991.3,137.4,10,18157,12.1,9.11,92.02,37900,649727.01,729,8.96,8.62,10.65,-3.39,28.46,35.53,0.15,72.08,0.85,1,58.71366
1.73,8.6,5.54,7.73,2.1,52.8,3909.3,41.21,74.58,992.6,135.9,7.5,18159,12.3,8.9,92.52,38800,644479.92,709,7.93,8.67,10.48,-2.97,27.88,34.71,0.11,75.06,0.35,1,58.50756
1.71,8.8,5.49,8.23,2.1,53,3983.1,41.25,74.52,997.2,136.4,6,18488,13.9,8.82,92.73,39200,643407.42,866,7.5,8.95,10.58,-0.69,28.3,35.17,0.11,76.98,-0.05,0,58.36406
1.67,9,5.22,8.06,2.1,53.1,4212.2,41.15,74.22,1021.2,136.8,5.7,19533,17,8.91,92.7,39500,638643.24,914,7.4,8.9,10.69,-0.31,27.73,34.65,0.07,81.85,-0.4,0,58.48771
1.65,8.8,5.55,7.86,2.1,53.5,4068.6,41.42,74.58,1029.1,135.5,6.3,18847,13.9,8.89,94.53,37900,634763.44,946,7.07,8.77,10.62,-0.05,27.66,34.63,0.23,84.64,-0.61,0,58.40909
1.64,8.6,6.1,8.06,2.1,54,4007.5,41.82,75.16,1042.2,133.4,6.4,18546,12.3,8.89,94.3,38600,633667.67,1020,7.15,8.84,10.55,0.97,27.66,34.88,0.3,85.62,-0.66,0,58.59916
1.64,8.4,6.14,8.4,2.1,54.2,4033.4,42.25,75.81,1049.4,133.4,6.1,18648,12.6,8.94,94.71,38200,632959.78,994,7.66,8.95,10.59,1.17,27.16,34.46,0.21,78.41,-0.58,0,58.8938
1.65,8.4,6.24,8.43,2.1,54.6,4044.6,42.78,76.6,1057.2,133.3,7,18683,12.6,9.13,95.22,39700,632547.65,1064,7.88,8.95,10.61,0.8,27.21,34.64,0.4,75.91,-0.42,0,58.95105
1.65,8.4,5.82,8.14,2.1,54.9,4060.7,42.97,76.8,1063.2,130.3,7.2,18741,13,9.22,95.33,40700,634515.19,1096,7.96,8.86,10.62,0.55,27.31,34.63,0.19,77.26,-0.27,0,59.18386
1.66,8.3,5.22,8.05,2.1,55.3,4057.8,43.06,76.81,1078,129.8,7,18712,12.3,9.15,96.17,41100,631977.46,1110,7.53,8.78,10.56,0.21,27.22,34.58,0.06,78.04,-0.29,0,59.29454
1.68,8.2,5.2,8,2.1,55.6,4059.8,43.6,77.6,1094.4,128.1,8.1,18708,11.5,9.1,96.74,42100,630290.17,1091,7.26,8.79,10.56,1.26,27.22,34.99,0.13,75.91,-0.47,0,59.55254
1.72,7.9,4.87,7.74,2.3,55.8,4086,44.23,78.58,1109.5,128.5,7.5,18814,11.3,9.02,96.3,41600,632195.65,1195,7,8.6,10.41,2.25,27.17,35.6,0.08,83.38,-0.75,0,59.92504
1.77,7.7,4.77,7.79,2.3,55.9,4111,44.67,79.18,1110.1,128.4,5.7,18917,11.9,8.81,97.39,42700,635710.84,1190,6.75,8.55,10.24,1.35,26.5,34.15,0.08,89.3,-0.94,0,60.16243
1.83,7.6,4.84,7.73,2.3,56,4123.5,44.71,79.08,1117.3,129.8,5.7,18963,11.8,8.76,98.25,43600,638029.41,1164,6.75,8.52,10.12,0.58,26.3,33.76,0.05,90.24,-0.99,0,60.33952
1.9,7.7,4.82,7.56,2.3,56.1,4127.3,44.95,79.34,1127.8,130.8,5.2,18967,11.2,8.73,98.85,43300,641336.12,1132,6.75,8.4,9.94,0.62,26.56,34.13,0.04,90.14,-0.93,0,60.52501
1.98,7.4,5.29,7.9,2.3,56.4,4127.5,45.17,79.55,1125.1,130.8,5.9,18953,11.8,8.77,99.36,43600,644524.52,1194,6.75,8.58,9.86,0.36,26.22,34.06,0.12,89.29,-0.81,0,60.53951
2.05,7.6,5.48,7.86,2.3,56.7,4129.7,45.18,79.38,1142.9,130.9,6.1,18948,10.9,8.85,100,46100,649959.74,1188,7.2,8.62,9.89,0.12,25.96,33.86,0.13,88.77,-0.77,0,60.58913
2.12,7.8,5.31,7.83,2.3,57,4153.7,45.45,79.68,1152.1,131.2,6.1,19042,11.2,8.93,100.1,44600,653410.93,1245,7.25,8.56,9.82,0.53,26.25,34.31,0.13,91.45,-0.83,0,60.71966
2.2,7.8,5.29,7.77,2.3,57.3,4160.8,45.77,80.06,1160.5,131.5,5.7,19057,11.2,9,100.94,44200,654827.68,1309,7.01,8.45,9.64,0.45,26.06,34.05,0.1,90.87,-0.91,0,60.8395
2.29,7.6,5.25,7.59,2.3,57.6,4161.2,45.91,80.11,1171.4,132.3,5.9,19041,10.8,8.98,101.35,44700,660073.8,1481,7,8.38,9.4,0.51,25.78,33.89,0.06,91.41,-0.93,0,60.983
2.38,7.7,5.02,7.41,2.3,57.9,4155.7,45.92,79.95,1179.5,133.2,6.4,18998,10.6,8.93,101.81,45300,663093.47,1425,6.77,8.32,9.29,-0.46,26.31,34.34,0.09,89.5,-0.91,0,60.99292
2.48,7.8,4.95,7.29,2.3,58.1,4192.3,46.6,80.95,1191.7,133.1,7.3,19150,10.9,8.81,102.68,45800,665178.34,1531,6.5,8.25,9.23,1.45,26.51,34.69,0.07,89.53,-0.85,0,61.24635
2.56,7.8,4.65,6.87,2.3,58.4,4202.1,47.09,81.6,1214.1,132.9,7.7,19180,9.9,8.79,102.95,45900,667488.19,1511,6.35,7.98,9.12,1.48,26.69,35.24,0.05,94.55,-0.83,0,61.40741
2.62,7.5,4.61,7.21,2.3,58.7,4185.4,46.83,80.96,1217.4,135.3,6.2,19089,9.8,8.72,103.83,45500,669850.4,1466,6.25,7.96,9.08,0,27.14,36.06,0.07,96.9,-0.89,0,61.59366
2.69,7.6,4.68,7.39,2.3,59.3,4149.6,47.54,81.99,1233.7,137.6,5,18911,8.5,8.67,104.25,47400,671357.33,1560,6.25,8.04,9.12,1.56,26.1,34.43,0.07,96.09,-0.93,0,61.8196
2.77,7.4,4.69,7.46,2.3,59.6,4211.2,48.13,82.8,1240.7,141.2,4.2,19177,9.8,8.69,105.15,46200,673382.08,1660,6.25,8.1,9.12,1.8,25.95,34.09,0.1,95.7,-0.9,0,62.12721
2.85,7.2,4.73,7.37,2.3,60,4224.6,48.58,83.37,1249.7,136.8,4.5,19223,9.9,8.75,105.91,48700,676426.96,1660,6.25,8.04,9.07,1.1,26.41,34.79,0.07,95,-0.79,0,62.38522
2.92,7,5.35,7.46,2.3,60.2,4229.2,48.99,83.85,1259.6,136.7,4.6,19228,9.8,8.83,106.38,49300,678582.63,1668,6.41,8.05,9.01,1.15,26.06,34.67,0.21,96.94,-0.63,0,62.66001
2.98,7.2,5.39,7.28,2.3,60.5,4248.6,49.34,84.24,1266.3,138,5,19299,10.2,8.86,107,48700,680718.89,1752,6.75,7.95,8.91,1.14,25.83,34.44,0.26,97.87,-0.54,0,62.96457
3.04,6.9,5.42,7.33,2.3,60.8,4279,49.41,84.13,1283.2,137.7,5.9,19419,10.1,8.94,108.22,48600,683551.41,1687,6.75,7.94,8.87,0.66,26.69,35.32,0.32,101.35,-0.49,0,63.23021
3.12,7,5.9,7.4,2.3,61.1,4297.3,49.43,83.93,1288.5,138,5.3,19482,10.5,8.94,108.95,49000,687921.89,1780,6.83,7.98,8.82,0.48,26.47,35.19,1.06,100.58,-0.43,0,63.41188
3.21,6.8,6.14,7.34,2.3,61.3,4320.6,49.67,84.1,1297.4,138.5,5.5,19568,10.7,8.9,109.44,48500,692830.55,1674,7.13,7.92,8.8,0.88,26.29,35.17,0.63,100.41,-0.32,0,63.76148
3.3,6.8,6.47,7.52,2.3,61.6,4352.9,49.76,84.02,1314.3,139.3,6.4,19696,10.7,8.92,110.38,51400,693513.23,1758,7.52,8.04,8.89,0.65,26.91,35.73,1.31,99.25,-0.21,0,63.96147
3.37,6.8,6.51,7.58,2.3,62,4388.3,49.81,83.87,1330,138.9,7.4,19838,10.8,8.92,110.98,51800,696880.06,1771,7.75,8.08,8.95,0.89,26.96,35.9,0.86,100.69,-0.14,0,64.25077
3.42,6.4,6.56,7.69,2.3,62.3,4404.8,49.89,83.77,1339.3,139.5,8,19896,11,8.96,112.06,52700,700348.7,1754,7.75,8.19,8.99,1.31,27.13,36.49,0.57,103.71,-0.11,0,64.43014
3.46,6.4,6.7,7.96,2.65,62.7,4384.1,49.2,82.37,1333,141.4,7,19788,11.4,9.02,112.9,52300,703569.1,1740,7.93,8.41,9.17,-1.45,28.16,38.14,0.48,100.78,-0.11,0,64.57289
3.56,6.3,6.78,8.03,2.65,63,4409.6,49.45,82.55,1358.9,142.1,6.2,19889,10.7,9.15,114.05,53200,706490.84,1736,8,8.47,9.2,1.4,27.53,36.85,0.41,102.44,-0.06,0,64.84234
3.72,6.3,6.79,8.04,2.65,63.4,4445.6,50.39,83.88,1381.4,143.1,5.3,20035,10.5,9.2,114.5,53200,712707.64,1799,8,8.47,9.22,2.05,27.13,36.13,0.33,104.01,0.06,0,65.23392
3.88,6.1,6.89,8.15,2.65,63.9,4459.5,51.44,85.38,1400.2,144.8,4.8,20080,10.3,9.36,115.32,53300,719056.32,1948,8,8.56,9.32,2.71,27.94,36.97,0.56,110.77,0.25,0,65.76977
4.02,6,7.36,8.35,2.65,64.5,4455.5,51.62,85.44,1415.9,146.8,5.1,20045,9.8,9.57,116.47,55700,722131.26,1766,8.27,8.69,9.49,0.6,27.93,37.08,1.21,119.08,0.41,0,66.03388
4.14,5.9,7.6,8.46,2.65,65,4455.2,51.98,85.79,1429.8,147.2,5.5,20025,9.5,9.71,117.48,56700,724417.84,1983,8.63,8.76,9.6,1.38,27.95,37.3,1.09,122.01,0.52,0,66.37126
4.25,6.2,7.81,8.64,2.65,65.5,4476.7,51.96,85.51,1430.8,147.4,6.2,20102,10.3,9.74,118.34,54800,725764.76,1786,9,8.88,9.6,-0.04,28.7,38.25,1.32,122.12,0.55,0,66.56515
4.37,5.9,8.04,8.41,2.65,65.9,4494.5,52.15,85.6,1451,148,5.9,20161,9.9,9.79,118.7,56100,729203.35,1691,9.01,8.69,9.48,1.09,28.05,37.57,1.14,132.54,0.56,0,66.77582
4.5,6,8.45,8.42,2.65,66.5,4495.2,52.29,85.58,1456.9,147.7,6.2,20143,10,9.76,119.66,57300,730858.64,1751,9.41,8.69,9.42,0.48,28.2,37.81,1.06,135.23,0.78,0,66.8804
4.62,5.8,8.96,8.64,2.65,67.1,4512.3,52.7,86.03,1471,150,5.9,20200,10.2,9.86,120.71,58300,734865.48,1781,9.94,8.89,9.59,1.2,28.72,38.38,1.28,127.68,1.3,0,67.13687
4.74,5.9,9.76,8.81,2.65,67.5,4517.6,53.1,86.45,1484.7,151.4,8,20205,10,10.11,121.34,58700,739618.99,1795,10.94,9.03,9.83,1.22,29.85,39.65,0.7,114.12,1.73,0,67.47044
4.87,6,10.03,9.01,2.65,67.9,4542.7,53.39,86.69,1500.5,150.2,8.3,20300,10,10.35,121.82,59900,744516.02,1818,11.55,9.16,9.94,0.85,31.35,41.68,0.87,117.25,1.78,0,67.6857
5.03,5.9,10.07,9.1,2.9,68.5,4555.5,53.04,85.91,1506.3,150.9,7.8,20340,10.6,10.39,122.57,60300,749158.01,1461,11.75,9.25,10.13,-0.42,31.99,43.08,1,123.72,1.44,0,67.79027
5.16,5.9,10.06,9.1,2.9,69.2,4573.9,53.33,86.16,1521.6,151.6,6.8,20406,10.5,10.41,122.83,61200,752528.72,1492,11.75,9.26,10.08,0.36,30.63,40.7,0.97,124.55,1.01,0,67.97652
5.25,5.8,10.09,9.12,2.9,69.9,4587.3,53.5,86.21,1535,153.7,5.7,20448,10.7,10.43,123.49,60400,753351.03,1720,11.75,9.37,10.26,1.43,30.44,40.22,0.99,128.08,0.64,0,68.30169
5.33,5.8,10.01,9.18,2.9,70.6,4551,52.89,85.03,1542.3,155,5.7,20269,10.4,10.5,124.25,62600,757708.9,1597,11.75,9.38,10.33,-1.93,30.98,40.72,0.92,133.45,0.52,0,68.25437
5.46,5.6,10.24,9.25,2.9,71.4,4529.6,53.32,85.5,1562.7,154.3,6.2,20156,9.8,10.69,124.79,62800,760203.96,1684,11.75,9.5,10.47,1.7,30.19,40.24,1.77,131.35,0.61,0,68.53909
5.64,5.7,10.29,8.91,2.9,72.2,4518.2,53.32,85.3,1579.6,154.3,6.6,20085,9.3,11.04,125.71,64200,762991.87,1640,11.65,9.29,10.38,0.04,29.95,40.1,1.42,135.64,0.85,0,68.78182
5.81,5.7,10.47,8.95,2.9,73,4551.6,53.24,84.99,1590.1,156.3,6.5,20214,10,11.09,126.75,63800,769421.04,1534,11.54,9.2,10.29,-0.2,30.35,40.92,1.17,138.58,1.17,0,68.86273
5.96,6,10.94,9.03,2.9,73.7,4557,52.89,84.23,1619.7,157.6,6.2,20216,9.2,11.09,127.71,64000,768795.58,1591,11.91,9.23,10.35,-0.85,30.19,40.72,1.09,146.69,1.57,0,68.92532
6.1,5.9,11.43,9.33,2.9,74.4,4554.6,52.95,84.14,1638.1,162.2,6.9,20183,8.9,11.3,128.68,66000,765192.14,1638,12.9,9.44,10.54,0.01,30.33,41.05,1.34,149.2,2.03,0,68.9467
6.27,6,13.77,10.3,2.9,75.2,4559.8,53.24,84.43,1646,166.2,7.7,20186,9.3,11.64,129.98,62300,768098.36,1481,14.39,10.13,11.4,0.02,31.6,42.28,2.02,140.53,2.35,0,69.06654
6.47,5.9,13.18,10.65,2.9,76,4575,53.19,84.18,1661.7,163.7,10,20233,9.4,12.83,130.39,63900,767885.02,1276,15.55,10.76,11.99,-0.46,32.26,43,1.91,138.78,2.4,0,69.13829
6.67,6,13.78,10.39,2.9,76.9,4587.6,53.26,84.12,1670.7,163,11.6,20269,9.8,12.9,131.35,61500,768631.7,1254,15.3,10.74,12.06,-0.2,32.68,44.02,1.47,148.75,2.17,0,69.21233
6.83,6.3,13.82,10.8,3.1,78,4618.8,53.5,84.34,1701.6,164.3,9.1,20387,9.6,12.88,132.11,62900,772683.14,1280,15.25,11.09,12.42,0.03,32.91,45.18,1.24,155.14,2.06,0,69.3108
6.97,6.3,14.13,12.41,3.1,79,4593.4,53.51,84.18,1705.6,161.8,8.6,20257,9.8,13.04,133.09,64900,773206.78,1199,15.63,12.38,13.57,-0.72,32.13,43.18,1.66,161.64,2.44,1,69.37187
7.1,6.3,17.19,12.75,3.1,80.1,4557.1,53.33,83.74,1712.4,162.2,8.4,20079,9.8,15.28,134.12,62600,774498.43,988,18.31,12.96,14.45,-1.53,32.39,43.1,2.82,141.1,3.26,1,69.45736
7.24,6.9,17.61,11.47,3.1,80.9,4529.9,52.24,81.87,1699.5,164.3,10,19942,10.5,16.33,134.25,63100,779782.38,808,19.77,12.04,14.19,-3.52,34.01,44.88,2.46,136.29,3.65,1,69.34744
7.4,7.5,10.98,10.18,3.1,81.7,4516.6,50.97,79.72,1704.3,165.8,7.9,19863,10.6,14.26,134.69,63100,779468.19,861,16.57,10.99,13.17,-3.66,32.98,43.96,1.02,145.68,3.05,1,69.01845
7.58,7.6,9.47,9.78,3.1,82.5,4522.9,50.33,78.57,1723,166.1,6.8,19870,10.4,12.71,135.72,64900,777454.11,1118,12.63,10.58,12.71,-2.05,32.35,43.47,0.38,155.43,1.89,1,68.77419
7.76,7.8,9.03,10.25,3.1,82.6,4564.4,49.94,77.8,1751.2,166.8,6.2,20033,10.5,12.19,136.83,64000,776485.37,1259,11.48,11.07,12.65,-1.24,31.59,42.86,0.4,166.93,1.04,1,68.5742
7.93,7.7,9.61,11.1,3.1,83.2,4572.7,50.12,77.92,1767.7,167.9,5.4,20049,10.6,12.56,138.2,63400,773677.09,1367,11.12,11.64,13.15,0.52,29.12,40.37,0.66,177.73,0.78,0,68.77266
8.08,7.5,10.87,11.51,3.1,83.9,4597.7,50.93,79.01,1784.1,165.4,6.8,20139,11.1,13.2,139.36,68300,772039.25,1484,12.23,12.02,13.7,1.36,29.37,41.16,1.31,189.49,1.08,0,68.85892
8.21,7.5,12.81,11.75,3.1,84.7,4653.2,51.58,79.83,1820.4,162.2,7.5,20363,11,13.79,140.5,65600,770862.03,1366,13.79,12.31,14.23,1.61,30.04,41.7,1.31,195.76,1.67,0,69.07341
8.36,7.5,15.85,12.68,3.1,85.6,4664.9,52.47,81.03,1830.2,164.6,8.8,20398,11.5,14.21,141.76,66700,770169.65,1383,16.06,12.97,14.64,1.05,28.93,41.24,2.06,200.69,2.47,0,69.26958
8.54,7.2,18.9,12.84,3.1,86.4,4686.4,52.77,81.29,1855.5,165.6,10.3,20477,11.2,14.79,141.48,67000,771132.58,1249,20.35,13.21,15.14,0.45,27.35,40.66,1.69,198.4,3,0,69.41843
8.73,7.5,19.08,12.57,3.35,87.2,4664,52.47,80.64,1874.7,164,9,20366,10.5,14.9,140.88,67600,774371.4,1221,20.16,12.81,15.03,-0.36,27.22,41.62,1.4,198.82,2.87,0,69.49018
8.92,7.4,15.93,13.19,3.35,88,4646.2,52.22,80.06,1889.4,166.8,8.2,20276,10.4,15.13,142.39,66200,777999.08,1199,19.43,13.35,15.37,-0.65,26.67,39.87,1.3,194.85,2.25,0,69.54209
9.1,7.4,14.7,13.12,3.35,88.6,4656.7,52.5,80.29,1908.1,169.3,6.6,20307,10.3,15.4,143.28,66700,779199.58,1183,18.05,13.33,15.34,-0.03,26.73,39.69,1,203.59,1.83,0,69.62223
9.32,7.2,15.72,13.68,3.35,89.1,4642,52.27,79.73,1909.1,171.4,7.4,20228,10.3,15.58,144.65,68700,776973.13,1190,17.15,13.88,15.56,0.08,27.32,40.34,1.34,215.12,1.87,0,69.67796
9.53,7.5,18.52,14.1,3.35,89.7,4649.3,52.58,80,1918.2,173.3,7.2,20243,10.4,16.4,145.22,70800,778814.61,1173,19.61,14.32,15.95,-0.09,26.98,40.52,2.22,216.54,2.36,0,69.68559
9.72,7.5,19.1,13.47,3.35,90.5,4672.3,52.83,80.17,1938.5,173.8,8.3,20327,10.2,16.7,145.37,68800,781060.45,976,20.03,13.75,15.8,-0.46,26.63,40.45,2.04,220.04,2.98,0,69.83596
9.9,7.2,19.04,14.28,3.35,91.5,4743.7,53.17,80.49,1945.7,175.1,8.7,20618,11.7,16.83,146.52,69500,784360.37,935,20.39,14.38,16.17,0.11,27.11,41.01,1.68,209.72,3.32,0,69.92145
10.12,7.4,17.82,14.94,3.35,92.2,4755.3,53.17,80.28,1969.8,172.4,9.1,20648,11.4,17.29,147.1,72600,785326.2,889,20.5,14.89,16.34,-0.69,26.98,41.01,1.42,206.63,3.25,1,69.89398
10.35,7.6,15.87,15.32,3.35,93.1,4750.2,52.85,79.61,1968.2,173.5,10.8,20606,11.9,18.16,147.54,65800,788162.6,847,20.08,15.49,16.92,-1.51,25.5,40.59,1.46,185.37,3,1,69.82757
10.5,7.9,15.08,15.15,3.35,93.4,4760.2,52.5,78.88,1966.2,174.7,10.4,20631,12.5,18.45,147.65,69600,788158.72,731,18.45,15.4,17.11,-1.8,25.69,40.71,1.18,190.2,2.72,1,69.752
10.61,8.3,13.31,13.39,3.35,93.8,4761.9,51.9,77.79,1972.4,179,10.7,20623,12.7,17.83,148.72,71200,793339.87,748,16.84,14.22,16.39,-2.09,25.89,40.95,0.66,199.23,2.41,1,69.59246
10.82,8.5,12.37,13.72,3.35,94.1,4755.2,51.33,76.76,1989.9,178.6,9.5,20579,12,16.95,150,68400,790148.56,796,15.75,14.23,16.55,-2.51,26.17,41.93,0.64,197.15,2.11,1,69.38026
11.17,8.6,13.22,14.59,3.35,94.4,4757.1,50.31,75.07,1997.4,181,9.7,20573,12.2,17.49,150.83,66200,785522.08,794,15.75,15.18,17.1,-2.75,26.71,43.2,1.52,187.68,1.91,1,69.13142
11.48,8.9,14.78,14.43,3.35,94.7,4769.5,51.3,76.39,2021.4,182.7,9.1,20612,11.6,17.6,151.88,65700,779155.94,808,16.56,15.27,17.18,0.87,25.97,41.29,1.79,182.63,1.95,1,69.1276
11.5,9,14.68,13.86,3.35,94.7,4768.1,50.91,75.66,2024.4,187.9,7.4,20591,11.7,17.16,152.09,67200,779625.28,891,16.5,14.58,16.82,-1.62,24.25,39.23,1.56,173.28,2.05,1,69.02837
11.33,9.3,14.94,13.87,3.35,95,4814.9,50.46,74.84,2027.2,190.9,8.2,20778,12.4,16.89,153.42,70200,781840.1,888,16.5,14.46,16.78,-1.73,24.56,39.56,1.57,181.84,2.14,1,68.81464
11.22,9.4,14.45,13.62,3.35,95.9,4794.6,50.14,74.23,2045.9,196.6,7.1,20675,11.7,16.68,154.55,69300,774647.77,953,16.5,14.26,16.64,-1.03,24.2,39.55,1.12,184.61,2.34,1,68.78029
11.23,9.6,14.15,14.3,3.35,97,4767.6,49.97,73.86,2050.2,200.5,7.5,20542,11.6,16.7,155.47,69300,777714.96,913,16.5,14.81,16.92,-1.83,24.03,39.57,1.21,172.08,2.62,1,68.59481
11.26,9.8,12.59,13.95,3.35,97.5,4815.8,49.81,73.52,2075.1,205.5,8.1,20732,12,16.82,156.2,70900,779692.19,1044,16.26,14.61,16.8,-1.28,24.27,39.97,0.69,169.63,2.77,1,68.33375
11.21,9.8,10.12,13.06,3.35,97.7,4819.3,49.38,72.78,2083.7,199,6.8,20728,11.9,16.27,157.42,70100,777762.47,926,14.39,13.71,16.32,-1.71,24.47,40.18,0.52,167.38,2.9,1,68.21315
11.14,10.1,10.31,12.34,3.35,97.7,4818.9,49.23,72.48,2108.9,196.9,6.5,20708,11.1,15.43,158.83,67800,776881.98,1042,13.5,12.94,15.63,-1.17,23.38,39.96,0.93,185.09,2.99,1,68.07499
11.1,10.4,9.71,10.91,3.35,98.1,4818.6,48.79,71.76,2130.7,186.4,6.2,20689,10.7,14.61,160.47,69700,774844.62,1149,12.52,12.12,14.73,-2.02,24.25,40.59,0.48,203.86,2.38,1,67.86355
11.14,10.8,9.2,10.55,3.35,98,4838.2,48.6,71.42,2154.7,176.8,6.4,20758,10.3,13.83,161.79,73500,768035.33,1229,11.85,11.68,14.3,-1.09,24.61,41.2,0.62,226.97,1.36,1,67.76966
11.29,10.8,8.95,10.54,3.35,97.7,4862.3,48.24,70.84,2167.4,170.9,7.8,20847,10.3,13.62,163.02,71700,764167.16,1351,11.5,11.83,14.14,-0.81,24.81,41.86,0.63,233.03,0.68,0,67.75897
11.52,10.4,8.68,10.46,3.35,97.9,4872.3,49.17,72.17,2180.1,171.2,5.8,20875,10.4,13.25,163.62,73500,758408.06,1426,11.16,11.79,13.94,1.59,24.43,41.86,0.53,241.48,0.28,0,67.92996
11.76,10.4,8.51,10.72,3.35,98,4874.2,48.87,71.69,2183.1,169.3,5.5,20871,10.5,13.04,165.97,73800,757182.35,1471,10.98,12.01,13.95,-0.73,23.53,39.8,0.58,256.06,0.06,0,67.87271
12.02,10.3,8.77,10.51,3.35,98.1,4897.2,49.27,72.24,2208.6,168.1,4.5,20955,10,12.8,167.89,72500,753083.39,1475,10.5,11.73,13.61,0.93,22.16,38.04,0.79,266.45,-0.02,0,68.004
12.31,10.2,8.8,10.4,3.35,98.8,4906,49.87,73.1,2231.8,169.1,4.5,20979,9.6,12.78,169.63,74700,753416,1566,10.5,11.51,13.29,1.03,22.57,38.65,1.01,279.53,-0.08,0,68.21468
12.61,10.1,8.63,10.38,3.35,99.2,4922.6,50.21,73.57,2251,170.8,4.2,21035,9.4,12.63,171.14,74500,754753.23,1669,10.5,11.46,13.09,1.35,22.01,38.28,0.95,302.44,-0.19,0,68.42611
12.89,10.1,8.98,10.85,3.35,99.4,4919.2,50.51,73.98,2280.8,174.1,4.8,21003,8.5,12.87,172.34,75800,755729.73,1769,10.5,11.74,13.37,1.66,21.81,38.42,1.64,319.35,-0.21,0,68.71541
13.11,9.4,9.37,11.38,3.35,99.8,4982.4,51.27,75.08,2309,172.5,5.6,21255,9,13.42,173.78,75200,757340.41,1795,10.5,12.15,13.39,1.82,22.14,38.95,1.45,316.09,-0.15,0,69.03448
13.31,9.5,9.56,11.85,3.35,100.1,4979.6,51.85,75.88,2324.8,175,5.9,21226,8.7,13.81,175.23,76800,761632.34,1713,10.89,12.51,13.64,0.35,21.97,38.66,1.55,296.87,-0.1,0,68.79938
13.68,9.2,9.45,11.65,3.35,100.4,5008.2,52.63,76.99,2339.1,174.1,6.2,21329,9,13.73,176.36,81000,765360.87,1585,11,12.37,13.55,2.76,20.59,37.92,1.44,300.37,-0.09,0,69.65048
14.18,8.8,9.48,11.54,3.35,100.8,5052.8,53.06,77.57,2361.8,175.2,5.9,21502,9.1,13.54,178.35,75900,767066.59,1716,11,12.25,13.46,1.46,21.06,38.14,0.84,286.72,-0.02,0,69.85734
14.64,8.5,9.34,11.69,3.35,101.1,5096.7,53.26,77.78,2370.4,177.4,6.8,21674,9.7,13.44,179.57,75900,771790.04,1668,11,12.41,13.61,1.22,20.94,38.14,0.91,278.67,0.05,0,70.12679
14.99,8.3,9.47,11.83,3.35,101.4,5143.3,53.53,78.11,2397.9,178.1,6.3,21858,9.5,13.42,180.18,75900,777035.19,1627,11,12.57,13.75,1.49,20.99,38.89,0.77,278.66,0.02,0,70.39853
15.28,8,9.56,11.67,3.35,102.1,5169.1,54.6,79.58,2423.8,181.9,5.7,21954,9.4,13.37,182.2,76200,780629.9,1816,11,12.2,13.65,2.01,21.33,40.12,0.72,282,-0.11,0,70.73897
15.62,7.8,9.59,11.84,3.35,102.6,5200.6,54.84,79.82,2408.1,181,5.2,22074,11.1,13.23,182.99,79200,789812.07,1987,11,12.08,13.59,1.27,18.38,36.33,0.57,254.39,-0.21,0,71.10612
16.07,7.8,9.91,12.32,3.35,102.9,5235,55.1,80.1,2436.4,183.3,5,22205,10.9,13.39,184.72,78400,798703.33,1725,11.21,12.57,13.99,0.78,19.44,36.24,0.95,251.25,-0.16,0,71.31604
16.58,7.7,10.29,12.63,3.35,103.3,5271,55.46,80.49,2462.6,184.4,5.3,22343,10.9,13.65,186.02,79600,807167.91,1776,11.93,12.81,14.31,0.98,20.34,37.14,1.23,245.21,0.15,0,71.59312
17.08,7.4,10.32,13.41,3.35,103.5,5279.2,55.71,80.71,2479.8,184.8,5.6,22362,10.5,13.94,187.12,81400,815898.2,1741,12.39,13.28,14.74,0.94,19.55,36.5,2.99,245.24,0.57,0,71.82822
17.54,7.2,11.06,13.56,3.35,103.7,5314.8,55.91,80.84,2501.2,183.5,5.9,22496,10.5,14.42,188.19,80500,818589.14,1814,12.6,13.55,15.05,0.97,20.2,37.5,3.3,238.52,0.94,0,72.11752
17.95,7.5,11.23,13.36,3.35,104.1,5322.7,56.09,80.93,2500.5,184.1,6.6,22511,11,14.67,189.16,80700,824762.3,1605,13,13.44,15.15,0.28,19.88,37.46,5.92,232.4,0.97,0,72.35644
18.36,7.5,11.64,12.72,3.35,104.4,5360.7,56.14,80.83,2518.4,184.9,7.2,22652,11.2,14.47,189.46,82000,835112.97,1530,13,12.87,14.63,0.07,19.27,37.27,8.02,250.35,0.7,0,72.54116
18.77,7.3,11.3,12.52,3.35,104.7,5399.2,56.03,80.5,2540.3,184.9,6.5,22794,11.2,14.35,190.58,81300,838224.77,1523,12.97,12.66,14.35,0.08,20.13,38.03,7.24,252,0.41,0,72.77779
19.2,7.4,9.99,12.16,3.35,105.1,5378.7,55.94,80.18,2538.2,186.6,6.4,22689,11.2,14.13,190.62,80100,844584.12,1490,12.58,12.63,13.94,0.27,20.06,38.47,6.02,247.15,0.17,0,72.9961
19.56,7.2,9.43,11.57,3.35,105.3,5401.4,56.16,80.31,2578.6,187.7,8.5,22768,10.3,13.64,192.06,82500,848193.37,1643,11.77,12.29,13.48,0.72,20.8,39.19,4.62,246.4,-0.07,0,73.2625
19.77,7.3,8.38,11.5,3.35,105.5,5434.8,56.23,80.2,2590,189.7,9.4,22894,10.6,13.18,192.73,78300,850522.61,1626,11.06,12.13,13.4,0.17,21.73,40.69,3.19,241.91,-0.29,0,73.3602
19.83,7.3,8.35,11.38,3.35,105.7,5433.6,56.14,79.87,2626.3,192.7,7.3,22875,9.7,13.08,193.79,82500,849581.02,1660,10.61,12.08,13.26,-0.17,21.52,41.07,1.4,260.8,-0.45,0,73.56324
19.78,7.2,8.5,11.51,3.35,106.3,5384.1,56.34,79.95,2648.6,195.8,6.3,22654,8.5,12.92,194.96,82000,852739.37,1662,10.5,12.13,13.23,-0.05,20.35,40.21,1.29,285.52,-0.51,0,73.6579
19.71,7.2,8.58,11.86,3.35,106.8,5358.6,56.42,79.87,2656.8,199.2,5.2,22533,8.1,13.17,196.35,84200,851442.86,1727,10.5,12.56,13.69,0.58,21.96,40.4,1.59,280.8,-0.46,0,73.922
19.68,7.3,8.27,11.43,3.35,107,5450.3,56.27,79.45,2668.4,203.1,5.9,22902,9.4,13.2,197.05,85600,853706.16,1664,10.5,12.23,13.51,-0.43,23.2,41.63,1.32,280.89,-0.42,0,74.07161
19.71,7.2,7.97,10.85,3.35,107.2,5578,56.35,79.38,2705.9,204.1,5.5,23420,10.5,12.91,198.91,80100,853171.86,1709,10.31,11.72,13.15,0.51,22.33,41,1.33,287.46,-0.47,0,74.28076
19.67,7.4,7.53,10.16,3.35,107.5,5459.2,56.39,79.24,2699.3,203.9,5.4,22902,9,12.22,200.99,86300,855751.28,1716,9.78,10.94,12.4,-0.64,23.38,42.37,1.21,290.44,-0.51,0,74.39221
19.53,7.4,7.88,10.31,3.35,107.7,5472,56.02,78.55,2725.9,204.6,5.6,22936,8.5,12.03,202.51,82100,858507.19,1697,9.5,10.97,12.43,-0.4,23.48,42.77,1.11,302.04,-0.46,0,74.53724
19.47,7.1,7.9,10.33,3.35,107.9,5468,56.25,78.71,2762.7,203.2,5.8,22899,7.5,12.19,204.31,83300,860634.73,1808,9.5,11.05,12.5,0.74,23.41,42.94,1.07,298.25,-0.35,0,74.68456
19.55,7.1,7.92,10.37,3.35,108.1,5492.3,56.49,78.89,2805.6,203.7,6.5,22980,6.7,12.19,206.3,84700,858449.01,1916,9.5,11.07,12.48,0.32,25,44.48,1.29,287.93,-0.28,0,74.83951
19.71,7.1,7.99,10.24,3.35,108.5,5520.8,56.26,78.43,2767.1,201.1,6.9,23079,8.5,12.14,207.45,85400,861837.17,1743,9.5,11.02,12.36,-0.4,25.42,45.46,1.19,285.36,-0.32,0,74.98302
19.83,7,8.05,9.78,3.35,109,5533.2,56.45,78.57,2782.7,201.4,7,23114,8.4,11.78,208.18,87200,864704.6,1692,9.5,10.55,11.99,0.5,26.37,46.37,1.74,304.35,-0.36,0,75.14255
19.81,7,8.27,9.26,3.35,109.5,5567.2,57.05,79.28,2822.8,199.8,7.5,23239,8,11.26,211.08,87900,866031.16,1794,9.5,10.16,11.58,0.43,27.58,48.12,1.32,320.23,-0.34,0,75.27002
19.7,6.7,8.14,9.19,3.35,109.9,5571,57.31,79.55,2838.3,200.7,6.4,23240,8,10.89,210.47,86600,866000.13,1847,9.5,10.05,11.44,0.79,26.34,48.02,0.77,328.52,-0.33,0,75.36544
19.65,7.2,7.86,8.7,3.35,109.7,5599.9,56.93,78.93,2831.2,201.6,5.8,23347,8.7,10.71,211.13,89700,869747.08,1767,9.5,9.67,11.11,-0.81,24.66,46.62,0.88,348.79,-0.3,0,75.44711
19.68,7.2,7.48,7.78,3.35,109.1,5657.3,56.54,78.31,2834.7,204.2,3.7,23571,9.3,10.08,213.74,88700,873303,1780,9.1,9,10.5,-0.27,27.11,47.27,0.76,368.23,-0.27,0,75.51887
19.73,7.1,6.99,7.3,3.35,108.7,5680,56.57,78.27,2846.5,203.7,4,23649,9.1,9.94,215.3,92500,876988.87,1858,8.83,8.79,10.19,0.57,28.89,48.88,0.89,382.54,-0.3,0,75.66161
19.7,7.2,6.85,7.71,3.35,109,5687.3,56.69,78.37,2869,201.9,4.5,23661,8.6,10.14,217.38,92100,874984.48,1797,8.5,9.09,10.29,-0.18,28.33,48.47,0.88,388.49,-0.33,0,75.75855
19.69,7.2,6.92,7.8,3.35,109.4,5684.5,56.5,78.03,2873.5,199.8,5.1,23631,8.8,10.68,219.48,91200,876319.77,1790,8.5,9.13,10.34,-0.28,29.48,49.92,0.8,398.6,-0.23,0,75.6868
19.82,7,6.56,7.3,3.35,109.5,5715.9,56.81,78.39,2893.4,200.1,6.1,23742,8.7,10.51,221.32,94100,878046.82,1780,8.16,8.88,10.16,0.52,30.26,50.98,0.74,385.89,-0.14,0,75.92953
20,6.9,6.17,7.17,3.35,109.6,5725.3,56.73,78.21,2911.1,202.7,6.8,23760,8.4,10.2,223.44,91500,876721.23,1726,7.9,8.72,10.18,0.06,30.15,51.26,0.87,375.62,-0.17,0,76.01655
20.12,7,5.89,7.45,3.35,110,5731.3,56.85,78.28,2984.6,204.4,5.9,23765,6.6,10.01,224.95,95000,874457.93,1686,7.5,8.89,10.2,0.73,31.91,53.19,1.01,358.29,-0.22,0,76.28142
20.21,7,5.85,7.43,3.35,110.2,5727.9,57.12,78.55,2945.9,203.5,6.8,23731,7.8,9.97,226.62,96400,876205.34,1675,7.5,8.86,10.24,-0.17,32.93,54.61,0.84,355.03,-0.26,0,76.4234
20.33,6.9,6.04,7.25,3.35,110.4,5732.3,57.38,78.8,2941.7,201.8,7.4,23732,8.2,9.7,229.33,94000,876000.73,1644,7.5,8.68,10.07,0.13,34.73,56.33,0.75,358.08,-0.33,0,76.56537
20.48,6.6,6.91,7.11,3.35,110.8,5742.9,57.86,79.34,3010.8,201.5,7.4,23760,6.4,9.31,232.33,95000,873205.06,1903,7.5,8.49,9.97,1.13,37.17,59.37,0.83,354.92,-0.36,0,76.72185
20.57,6.6,6.43,7.08,3.35,111.4,5759.2,57.69,78.97,2949.9,202.5,6.7,23812,9.1,9.2,233.83,98500,876885.11,1690,7.5,8.36,9.72,-0.94,36.57,59.65,0.58,384.23,-0.38,0,76.85315
20.55,6.6,6.1,7.25,3.35,111.8,5789.9,58.44,79.85,3016.5,204.3,5.9,23925,7.9,9.08,236.15,95200,879615.81,1689,7.5,8.38,9.65,1.91,33.6,57.04,0.56,411.71,-0.44,0,77.03024
20.48,6.6,6.13,7.25,3.35,112.2,5796.1,58.52,79.81,3028.4,204,4.8,23934,7.9,9.04,235.28,98400,884811.5,1704,7.5,8.36,9.61,0.28,35.31,57.06,0.53,432.2,-0.4,0,77.2203
20.51,6.3,6.37,8.02,3.35,112.7,5577.4,58.89,80.15,3054.1,203.5,4.9,23015,3.8,9.83,237.85,96500,887837.96,1601,7.75,8.85,10.04,0.49,37.81,59.41,0.99,422.77,-0.21,0,77.4783
20.7,6.3,6.85,8.61,3.35,113,5803.3,59.27,80.5,3063.9,204.1,5.7,23930,7.5,10.6,241.16,104900,892301.53,1500,8.14,9.33,10.51,0.71,36.42,58.3,1.04,416.63,0.02,0,77.65081
21.02,6.2,6.73,8.4,3.35,113.5,5795.4,59.54,80.72,3088.4,204.3,6.2,23878,7,10.54,240.36,109000,893954.89,1522,8.25,9.32,10.52,0.35,36.3,58.78,0.78,423.7,0.01,0,77.7821
21.41,6.1,6.58,8.45,3.35,113.8,5812.7,59.96,81.12,3110.7,204.4,6.6,23929,6.8,10.28,241.03,105000,892855.24,1516,8.25,9.42,10.61,0.99,36.15,58.88,0.67,429.01,-0.18,0,78.04697
21.74,6,6.73,8.76,3.35,114.3,5837.8,60.45,81.64,3147,204.2,6.5,24012,6.5,10.33,243.03,106800,891742.01,1511,8.25,9.67,10.8,0.51,35.59,58.33,0.65,448.38,-0.33,0,78.1775
21.97,5.9,7.22,9.42,3.35,114.7,5838.2,60.61,81.72,3142.9,203.9,7,23992,7,10.89,243.74,106500,895151.51,1514,8.7,10.18,11.31,0.64,36.66,59.78,0.94,442.8,-0.19,0,78.35154
22.14,6,7.29,9.52,3.35,115,5874.9,61.49,82.78,3151.1,202.5,7,24122,7.6,11.26,247.09,106500,902350.62,1447,9.07,10.52,11.62,1.28,37.21,61.06,0.94,385.05,0.21,0,78.72709
22.33,5.8,6.69,8.86,3.35,115.4,5897.1,61.82,83.11,3160.9,201.2,8.4,24196,7.9,10.65,247.58,117000,908147.54,1457,8.78,10.01,11.23,0.49,37.49,61.24,0.63,318.75,0.43,0,78.90418
22.62,5.7,6.77,8.99,3.35,115.6,5950.6,62.11,83.41,3190.9,202,10,24398,8,10.64,248.73,111800,914922.89,1345,8.75,10.11,11.29,0.76,37.69,62.13,0.78,314.54,0.36,0,79.1286
22.98,5.7,6.83,8.67,3.35,116,5963.8,62.14,83.38,3230.7,203.8,8.6,24436,7.5,10.38,250.9,119000,914827.86,1244,8.75,9.88,11.07,-0.2,37.44,62.56,1.08,339.28,0.15,0,79.20035
23.41,5.7,6.58,8.21,3.35,116.2,5996.9,62.41,83.68,3238.5,205.7,6.6,24557,7.9,9.89,251.46,110900,919474.71,1438,8.51,9.4,10.62,0.81,34.17,60.01,0.4,353.58,-0.05,0,79.54613
23.88,5.7,6.58,8.37,3.35,116.5,6020.3,62.55,83.81,3277.8,207,5.4,24637,7.5,9.93,251.79,108900,921558.61,1525,8.5,9.39,10.57,0.55,35.92,60.01,1.75,375.54,-0.12,0,79.75681
24.3,5.4,6.87,8.72,3.35,117.2,6041.6,62.9,84.25,3280.4,208.3,5.4,24707,8.1,10.2,256.23,111000,923986.76,1429,8.5,9.67,10.9,0.53,38.36,62.02,2.99,377.24,-0.07,0,79.94382
24.66,5.6,7.09,9.09,3.35,117.5,6050.4,62.82,84.11,3311,208,5.7,24725,7.7,10.46,256.66,110000,925837.93,1444,8.84,9.9,11.04,-0.04,36.46,60.65,2.58,371.88,-0.07,0,80.11862
24.94,5.4,7.51,8.92,3.35,118,6073.7,62.98,84.3,3335.6,208.3,5.6,24799,7.8,10.46,258.63,111500,931895.7,1485,9,9.86,11,0.76,37.93,62.01,3.08,385.98,-0.07,0,80.3957
25.12,5.4,7.75,9.06,3.35,118.5,6098.4,63,84.3,3359.3,208,6.4,24878,7.9,10.43,261.2,118000,932536.68,1439,9.29,9.96,11.11,0.05,37.89,62.63,3.44,391.4,0,0,80.56516
25.15,5.6,8.01,9.26,3.35,119,6116.7,63.28,84.63,3384.3,207,6.2,24930,7.8,10.6,261.71,110000,937667.41,1460,9.84,10.11,11.21,0.01,36.88,61.94,3.24,379.61,0.04,0,80.65981
25.15,5.4,8.19,8.98,3.35,119.5,6125.6,63.11,84.36,3391.4,206.4,6.7,24943,8.2,10.48,262.92,116600,940677.38,1436,10,9.82,10.9,0.22,37.23,62.17,2.84,382.16,-0.04,0,80.91858
25.23,5.4,8.3,8.8,3.35,119.9,6159.5,63.41,84.71,3430.4,203.4,6.3,25060,8,10.3,264.16,112900,941633.51,1516,10,9.51,10.41,0.71,36.37,61.86,2.3,385.01,-0.12,0,81.12315
25.37,5.3,8.35,8.96,3.35,120.3,6162,63.52,84.77,3447,200.9,8.5,25052,7.7,10.27,265.71,110400,944679.37,1508,10.05,9.45,10.48,0.38,36.99,62.41,2.86,372.89,-0.16,0,81.38191
25.45,5.3,8.76,9.11,3.35,120.7,6196.4,63.82,85.09,3476.3,197,8.8,25174,7.7,10.61,266.12,121000,951990.97,1501,10.5,9.57,10.65,0.85,37.77,63.68,1.72,375.78,-0.16,0,81.60327
25.4,5.4,9.12,9.09,3.35,121.2,6224.8,64.01,85.24,3499.9,192,7,25273,8,10.73,267.34,113000,957294.31,1466,10.5,9.62,10.65,0.48,36.39,63.39,1.65,389.32,-0.14,0,81.80326
25.35,5.2,9.36,9.17,3.35,121.6,6244.7,63.72,84.73,3503.9,191.1,7.2,25338,8.4,10.65,265.97,118000,961746.24,1383,10.93,9.64,10.61,-0.5,32.77,60.63,1.49,404.08,-0.05,0,82.0002
25.53,5,9.85,9.36,3.35,122.2,6276.6,63.87,84.79,3514.5,191.5,6.4,25450,8.9,11.03,268.27,123000,964793.06,1214,11.5,9.8,10.67,-0.15,34.55,60.12,1.81,404,0.11,0,82.14752
25.88,5.2,9.84,9.18,3.35,123.1,6244,63.92,84.71,3558.6,190.9,6.2,25298,7.9,11.05,269.29,116700,966945.82,1376,11.5,9.79,10.61,0.13,35.8,61.25,2.29,417.13,0.18,0,82.27957
26.13,5.2,9.81,8.86,3.35,123.7,6215.1,63.48,83.96,3567.5,193.4,6.2,25161,7.6,10.77,269.81,119000,971617.87,1381,11.5,9.57,10.46,-0.92,33.15,58.87,1.72,435.99,0.09,0,82.36964
26.23,5.3,9.53,8.28,3.35,124.1,6232.2,63.51,83.82,3582.4,194.8,6.5,25208,7.6,10.2,270.7,122800,975832.22,1322,11.07,9.1,10.03,-0.27,33.83,59.57,1.49,447.58,0.02,0,82.45819
26.27,5.2,9.24,8.02,3.35,124.5,6256.9,62.95,82.89,3601.7,193.9,6,25285,7.7,9.88,271.98,116000,979832.27,1283,10.98,8.93,9.87,-1.15,33.92,60.28,0.69,446.7,-0.02,0,82.48872
26.31,5.2,8.99,8.11,3.35,124.5,6272.6,63.52,83.46,3636.8,191.9,6,25324,7.1,9.99,271.91,122900,980410.22,1334,10.5,8.96,9.88,0.62,32.86,59.6,0.68,461.83,-0.03,0,82.52612
26.31,5.3,9.02,8.19,3.35,124.8,6289,63.3,82.97,3638.1,189.1,7.5,25365,7.5,10.13,272.6,120000,979610.21,1314,10.5,9.01,9.91,-0.7,33.55,60.12,0.69,469.28,0.05,0,82.71695
26.32,5.3,8.84,8.01,3.35,125.4,6318.1,63.25,82.71,3650,187.5,7.3,25458,7.9,9.95,274.22,123000,982897.52,1365,10.5,8.92,9.81,-0.55,33.09,60.36,0.56,469.68,0.08,0,82.80168
26.43,5.4,8.55,7.87,3.35,125.9,6325.1,63.46,82.79,3659.7,185.7,7.8,25465,8,9.77,275.03,125000,987996.25,1344,10.5,8.89,9.81,0.25,33.88,60.93,0.35,454.7,-0.03,0,83.01312
26.64,5.4,8.45,7.84,3.35,126.3,6326.7,63.85,83.1,3700.7,183.5,9.2,25453,7.2,9.74,276.95,125200,987262.18,1422,10.5,8.86,9.82,-0.03,35.37,62.73,0.27,449.01,-0.11,0,83.0864
26.81,5.4,8.23,8.21,3.35,127.5,6366.2,63.42,82.35,3747.2,182.6,8.1,25593,7.4,9.9,278.59,125000,984445.18,1748,10.11,8.99,9.94,-0.39,34.08,62.92,0.44,439.35,-0.08,0,83.34211
26.77,5.3,8.24,8.47,3.35,128,6382,64.05,82.99,3744.8,181.3,7.2,25639,8.1,10.2,279.38,126900,984786.51,1329,10,9.22,10.14,0.84,30.88,60.58,1.45,424.52,-0.09,0,83.53141
26.54,5.2,8.28,8.59,3.35,128.6,6381,64.36,83.2,3771.5,182.1,6.2,25611,7.8,10.27,281.84,119400,989242.32,1246,10,9.37,10.21,0.21,33.39,60.64,2.12,436.09,-0.11,0,83.69553
26.28,5.4,8.26,8.79,3.8,128.9,6419.2,64.26,82.9,3786.7,183.2,6.9,25735,8.2,10.37,285.18,130000,992306.6,1136,10,9.46,10.3,-1,35.37,62.48,1.61,428.99,-0.11,0,83.72606
26.08,5.4,8.18,8.76,3.8,129.1,6405.2,64.4,82.91,3792.5,185.3,7.2,25651,8,10.48,286.24,125000,998810.44,1067,10,9.47,10.41,-0.13,32.77,60.23,1.33,442.6,-0.17,0,83.84285
25.88,5.2,8.29,8.48,3.8,129.9,6419.4,64.61,83.02,3821.3,187.6,7.2,25679,7.9,10.16,289.27,125000,999072.26,1108,10,9.26,10.22,-0.13,33.89,61.21,0.88,462.31,-0.25,0,83.86193
25.71,5.5,8.15,8.47,3.8,130.5,6442.5,64.53,82.78,3838.5,187.7,7.6,25741,8,10.04,290.59,118700,1003805.41,1078,10,9.24,10.2,-0.89,32.93,60.95,0.76,455.82,-0.2,0,83.83445
25.7,5.7,8.13,8.75,3.8,131.6,6404.7,64.73,82.89,3865,186.6,7.6,25558,7.5,10.1,293.96,118400,1003469.89,1069,10,9.41,10.41,-0.56,32.43,60.72,0.93,396.32,-0.07,1,83.67415
25.81,5.9,8.2,8.89,3.8,132.5,6404,64.81,82.87,3886.7,186.9,8.8,25524,7.5,10.18,297.19,113000,1005723.49,976,10,9.56,10.64,-1.12,33.26,61.42,0.62,368.57,0.14,1,83.5963
25.82,5.9,8.11,8.72,3.8,133.4,6353.2,64.33,82.12,3887.1,186.7,9.1,25291,7.3,10.18,298.75,120000,1006203.5,925,10,9.53,10.74,-1.55,32.08,61.01,0.41,338.01,0.28,1,83.48409
25.58,6.2,7.81,8.39,3.8,133.7,6354.9,63.57,81.05,3888.4,186.3,9.7,25269,7.4,10.01,300.74,118900,1008621.95,941,10,9.3,10.62,-2.07,33.38,62.05,0.23,347.69,0.25,1,83.36959
25.22,6.3,7.31,8.08,3.8,134.2,6390.3,63.16,80.42,3877.8,188.2,10.9,25383,8.2,9.67,304.07,127000,1004110.86,861,10,9.05,10.43,-1.43,30.23,59.12,0.33,370.21,0.31,1,83.32608
24.95,6.4,6.91,8.09,3.8,134.7,6369.3,62.88,79.96,3857.6,190.7,10.7,25274,8.7,9.64,306.31,117900,1007419.51,786,9.52,9.04,10.45,-1.64,21.96,50.93,0.53,376.67,0.36,1,83.23372
24.85,6.6,6.25,7.85,3.8,134.8,6379.4,62.45,79.32,3883.3,191.6,7.7,25290,8.3,9.37,309.77,119900,1005844.7,853,9.05,8.83,10.07,-1.58,19.79,48.51,0.25,442.59,0.14,1,82.99938
24.86,6.8,6.12,8.11,3.8,134.8,6390.6,62.12,78.81,3929.7,191.5,5.9,25309,7.4,9.5,312.61,122500,998538.92,911,9,8.93,10.09,-1.5,21.71,48.56,0.24,469.1,-0.12,1,82.87878
24.95,6.7,5.91,8.04,4.25,135.1,6412.7,62.25,78.89,3923.9,193,6,25369,8,9.49,313.55,121000,997797.09,916,9,8.86,9.94,-0.22,23.5,50.29,0.23,496.32,-0.24,0,82.71695
25.1,6.9,5.78,8.07,4.25,135.6,6412.9,62.87,79.59,3950,192.8,6.3,25341,7.7,9.47,315.56,116000,992808.91,991,8.5,8.86,9.86,-0.3,22.28,49.06,0.3,490.93,-0.31,0,82.62841
25.24,6.9,5.9,8.28,4.25,136,6445.9,63.44,80.22,3957.1,193.6,6.3,25443,8.2,9.62,316.9,119000,991870.23,964,8.5,9.01,9.96,0.09,23.67,50.41,0.34,490.38,-0.34,0,82.69558
25.38,6.8,5.82,8.27,4.25,136.2,6432.8,63.51,80.2,3982.4,193.5,6.8,25361,7.6,9.58,319.2,120000,990867.56,973,8.5,9,9.89,-0.12,23.26,50.67,0.61,489.37,-0.41,0,82.66505
25.56,6.9,5.66,7.9,4.25,136.6,6445,63.56,80.17,3985.4,193.8,6.3,25377,7.9,9.24,320.5,120800,989745.6,944,8.5,8.75,9.65,-0.49,22.79,50.6,0.76,513.25,-0.52,0,82.67802
25.77,6.9,5.45,7.65,4.25,137,6463.7,64.12,80.77,4001.2,194.8,7.8,25420,8.1,9.01,322.32,120000,994748.33,974,8.2,8.61,9.51,0.39,23.44,51.13,0.65,520.56,-0.53,0,82.69329
25.95,7,5.21,7.53,4.25,137.2,6474,64.02,80.52,3992.9,194.9,7,25431,8.6,8.86,324.08,122600,996751.75,991,8,8.55,9.49,-0.66,23.17,51.56,0.26,528.92,-0.51,0,82.71237
26.11,7,4.81,7.42,4.25,137.8,6486.7,63.94,80.3,4020.6,195.9,7.3,25454,8.4,8.71,326.8,118500,997891.15,984,7.58,8.48,9.45,-0.65,25,53.05,0.11,536.58,-0.54,0,82.66963
26.35,7.3,4.43,7.09,4.25,138.2,6546.2,63.69,79.85,4037.7,196.3,7.9,25662,9.1,8.5,330.55,122000,1000875.92,1061,7.21,8.31,9.26,-1.14,26.67,55.55,0.19,544.1,-0.53,0,82.68642
26.75,7.3,4.03,7.03,4.25,138.3,6616.3,63.34,79.25,4101.9,197.8,5.9,25913,8.8,8.43,331.41,120000,998043.4,1077,6.5,8.2,9.13,-0.35,25.4,55.8,0.23,615.73,-0.53,0,82.72382
27.24,7.4,4.06,7.34,4.25,138.6,6649.9,63.79,79.66,4116.8,199.3,4.9,26019,9.2,8.76,333.98,117200,996410.41,1146,6.5,8.29,9.23,0.02,24.87,55.21,0.08,632.05,-0.6,0,82.68031
27.83,7.4,3.98,7.54,4.25,139.1,6659.6,64.32,80.16,4134.3,198.9,4.9,26029,9.2,8.94,337.47,120000,997918.31,1082,6.5,8.35,9.25,0.55,28.04,56.27,0.09,619.6,-0.62,0,82.72001
28.47,7.4,3.73,7.48,4.25,139.4,6679.4,64.81,80.59,4149,200,5.2,26077,9.4,8.85,340.15,120000,999744.27,1054,6.5,8.33,9.21,0.31,22.65,50.45,0.09,582.79,-0.65,0,82.83985
29.07,7.6,3.82,7.39,4.25,139.7,6712.9,65.02,80.68,4176.1,76.4,5.2,26178,9.4,8.67,343.24,113000,997504.24,1056,6.5,8.28,9.13,-0.09,21.09,48.84,0.16,581.47,-0.75,0,82.93679
29.56,7.8,3.76,7.26,4.25,140.1,6741.7,65.03,80.51,4195,76.6,5.2,26259,9.5,8.51,344.45,124500,1001161.98,1057,6.5,8.22,9.05,-0.09,21.24,49.51,0.23,566.66,-0.79,0,82.98641
29.88,7.7,3.25,6.84,4.25,140.5,6736.8,65.62,81.06,4223,76.71,5.3,26207,9.1,8.13,347.58,118000,1003335.1,1089,6.02,8.07,8.84,0.46,21.21,49.83,0.28,568.72,-0.76,0,83.04289
30.06,7.6,3.3,6.59,4.25,140.8,6759.6,65.29,80.49,4239.3,76.73,4.8,26262,9.2,7.98,351.81,123500,1005391.85,1075,6,7.95,8.65,-0.75,21.27,50.16,0.25,569,-0.73,0,83.14594
30.27,7.6,3.22,6.42,4.25,141.1,6725.8,65.45,80.51,4273.9,76.63,5.2,26099,8.2,7.92,356.18,119500,1004600.57,1114,6,7.92,8.62,-0.09,22.64,51.55,0.29,580.68,-0.65,0,83.17036
30.55,7.3,3.1,6.59,4.25,141.7,6682.5,65.94,80.95,4303.5,76.6,5.4,25901,7.4,8.09,359.98,125000,1004776.08,1132,6,7.99,8.84,0.34,23.63,53.14,0.14,585.01,-0.55,0,83.31234
30.82,7.4,3.09,6.87,4.25,142.1,6685.9,66.22,81.15,4319.5,76.58,6.2,25886,7.3,8.31,363.72,128900,1006472.1,1118,6,8.1,8.96,0.16,25.48,54.69,0.1,630.86,-0.6,0,83.4131
30.98,7.4,2.92,6.77,4.25,142.3,6922.8,66.28,81.08,4355.6,76.47,6.4,26776,9.9,8.21,365.54,126000,1009877.72,1176,6,7.98,8.81,0.52,25.4,56.58,0.12,661.28,-0.71,0,83.57874
31.1,7.3,3.02,6.6,4.25,142.8,6793.6,66.57,81.29,4359.7,76.4,6,26250,8.3,7.99,368.08,118000,1012451.33,1177,6,7.91,8.67,0.4,23.65,56.02,0.17,691.13,-0.77,0,83.81537
31.23,7.1,3.03,6.26,4.25,143.1,6817.1,66.86,81.52,4374.3,76.33,5.3,26317,8.4,7.68,371.29,129400,1016622.04,1148,6,7.71,8.39,0.3,23.52,53.88,0.05,681.72,-0.79,0,84.00391
31.37,7,3.07,5.98,4.25,143.3,6794.6,66.77,81.29,4371.4,76.39,4.5,26205,8.3,7.5,373.39,125000,1022828.18,1056,6,7.58,8.15,-0.69,24.39,54.3,0.09,684.49,-0.78,0,83.96269
31.57,7.1,2.96,5.97,4.25,143.8,6825.9,67,81.46,4412.4,76.67,4.1,26299,8.2,7.47,376.83,127000,1025513.3,1104,6,7.46,8.14,0.34,26.97,56.53,0.07,665.33,-0.79,0,84.19703
31.87,7.1,3,6.04,4.25,144.2,6814.5,66.76,81.07,4441.3,77.03,4.7,26227,7.7,7.47,380.84,129900,1026477.19,1112,6,7.43,8.21,-0.07,25.96,56.09,0.12,686.45,-0.82,0,84.40236
32.23,7,3.04,5.96,4.25,144.3,6800.8,66.88,81.09,4458.8,77.52,4.7,26146,7.2,7.42,384.83,124500,1029360.13,1130,6,7.33,8.07,-0.04,26.45,57.22,0.18,695.38,-0.86,0,84.5367
32.56,6.9,3.06,5.81,4.25,144.5,6817.1,67.08,81.23,4487.7,77.89,5.1,26178,7,7.21,387.72,123900,1028913.1,1174,6,7.17,7.93,0.04,26.52,57.71,0.24,703.4,-0.93,0,84.77028
32.92,6.8,3.03,5.68,4.25,144.8,6826.9,67.01,81.03,4499.9,78.13,5,26185,7.1,7.11,391.2,126600,1029340.74,1230,6,6.85,7.6,-0.03,26.56,57.76,0.35,725.15,-0.93,0,84.88859
33.37,6.7,3.09,5.36,4.25,145,6809.3,67.33,81.29,4530.5,78.2,5.1,26088,6.3,6.92,396.45,129400,1034294.01,1251,6,6.66,7.34,0.5,27.28,59.14,0.43,745.94,-0.9,0,85.07561
33.91,6.8,2.99,5.33,4.25,145.6,6772.6,67.85,81.77,4552,78.18,5.2,25919,5.6,6.83,400.93,125000,1033718.97,1287,6,6.67,7.31,0.54,28.28,60.01,0.29,771.31,-0.85,0,85.29392
34.45,6.6,3.02,5.72,4.25,146,6791.6,68.14,81.96,4573.4,78.18,5.6,25967,5.6,7.16,402.67,130000,1037899.39,1357,6,6.93,7.66,0.45,29.02,61.3,0.09,764.04,-0.82,0,85.48475
34.91,6.5,2.96,5.77,4.25,146.3,7023.2,68.5,82.24,4590.7,78.12,5.8,26827,8.4,7.17,405.32,125000,1037814.05,1461,6,6.93,7.69,0.71,29.36,62.85,0.08,762.94,-0.86,0,85.7313
35.34,6.6,3.05,5.75,4.25,146.3,6892.9,68.76,82.37,4604.8,78.21,6.4,26307,6.4,7.06,409.03,126000,1039221.1,1390,6,6.92,7.65,0.14,27.79,62.04,0.07,787.77,-0.91,0,85.94197
35.89,6.6,3.25,5.97,4.25,146.7,6908.4,68.78,82.2,4652.3,78.21,5,26344,5.9,7.15,413.18,129900,1043419.94,1269,6,7.08,7.76,0.24,26.91,59.58,0.07,787.81,-0.86,0,86.09311
36.71,6.5,3.34,6.48,4.25,147.1,6930.4,69.48,82.83,4665.4,78.36,4,26403,6.2,7.68,415.65,132300,1044326.62,1342,6.06,7.48,8.13,1.4,27.4,59.6,0.06,785.93,-0.76,0,86.445
37.64,6.4,3.56,6.97,4.25,147.2,6932.6,69.87,83.08,4690.7,78.71,4.5,26384,5.8,8.32,418.86,129000,1045712.33,1392,6.45,7.88,8.52,0.48,29.6,61.62,0.12,732.3,-0.71,0,86.70987
38.39,6.1,4.01,7.18,4.25,147.5,7016.1,70.23,83.27,4689.2,79.22,4.6,26676,7.1,8.6,420.63,129900,1055806.03,1396,6.99,7.99,8.62,0.77,26.79,59.23,0.2,727.76,-0.7,0,86.96406
38.94,6.1,4.25,7.1,4.25,147.9,7002.8,70.68,83.56,4728.8,79.71,5.7,26597,6.3,8.4,423.47,133500,1061285.85,1357,7.25,7.97,8.65,0.64,26.51,59.94,0.33,723.21,-0.7,0,87.20755
39.47,6.1,4.26,7.3,4.25,148.4,7008.8,70.79,83.43,4740.8,80.08,6,26591,6.4,8.61,427.29,124400,1065622.38,1335,7.25,8.11,8.8,0.21,26,60.1,0.46,713.49,-0.73,0,87.48998
40.15,6,4.47,7.24,4.25,149,7019.1,71.21,83.66,4783,80.33,5.5,26600,5.9,8.51,428.25,133300,1070960.63,1377,7.51,8.07,8.74,1.08,25.29,59.35,0.47,738.87,-0.77,0,87.70524
41.06,5.9,4.73,7.46,4.25,149.3,7048.2,71.48,83.71,4795.5,80.35,6.1,26682,6.2,8.64,430.04,129700,1072963.08,1412,7.75,8.34,8.98,0.39,25.17,59.96,0.49,763.94,-0.73,0,87.98003
42.21,5.8,4.76,7.74,4.25,149.4,7113.4,72.08,84.15,4833.3,80.31,5.9,26901,6.5,8.93,432.83,132000,1078764.84,1397,7.75,8.57,9.2,0.91,24.74,59.49,0.38,762.46,-0.67,0,88.13957
43.39,5.6,5.29,7.96,4.25,149.8,7111.1,72.53,84.4,4846,80.18,7.5,26867,6.4,9.17,434.59,129900,1083378.72,1340,8.15,8.68,9.32,0.83,24.71,60.01,0.25,760.42,-0.6,0,88.45024
44.34,5.5,5.45,7.81,4.25,150.1,7144.2,73.29,84.99,4862.3,80.09,8.5,26967,6.5,9.2,434.79,135000,1089646.91,1396,8.5,8.46,9.1,0.93,24.67,61.36,0.21,734.99,-0.51,0,88.67312
45.08,5.6,5.53,7.78,4.25,150.5,7174.2,73.42,84.86,4871.9,80.04,7.3,27056,6.9,9.15,437.43,127900,1098095.98,1282,8.5,8.46,9.08,0.25,22.27,60.51,0.14,758.01,-0.55,0,88.92273
45.96,5.4,5.92,7.47,4.25,150.9,7190.3,73.31,84.45,4871.7,80.01,7.2,27094,7.3,8.83,438.54,135000,1101013.84,1254,9,8.26,8.85,-0.26,21.74,57.68,0.06,784.24,-0.63,0,89.07387
47.22,5.4,5.98,7.2,4.25,151.2,7208.3,73.41,84.27,4906.5,80.1,5.7,27137,7,8.46,442.55,130000,1106532.45,1226,9,8.12,8.7,-0.08,22.63,57.58,0.07,807.16,-0.64,0,89.24103
48.63,5.8,6.05,7.06,4.25,151.8,7153.1,73.36,83.93,4911.5,80.39,5.9,26904,6.3,8.32,445.74,134000,1111779.54,1259,9,8.03,8.6,-0.67,24.19,58.86,0.11,825.34,-0.68,0,89.36469
49.76,5.6,6.01,6.63,4.25,152.1,7223.3,73.61,83.92,4954.4,80.71,5.5,27142,6.5,7.96,448.64,133900,1114248.42,1271,9,7.65,8.2,-0.22,21.47,56.75,0.15,859.76,-0.71,0,89.35171
50.39,5.6,6,6.17,4.25,152.4,7245.4,73.86,83.9,4999,81.09,5.4,27196,6.1,7.57,448.7,133700,1118791.5,1305,9,7.3,7.9,0.31,21.06,57.03,0.27,906.04,-0.66,0,89.53491
50.9,5.7,5.85,6.28,4.25,152.6,7259.9,73.57,83.26,4991.8,81.43,5.3,27221,6.4,7.61,449.19,131000,1121781.11,1354,8.8,7.41,8.04,-0.79,20.82,57.37,0.37,979.36,-0.64,0,89.60514
51.89,5.7,5.74,6.49,4.25,152.9,7265.8,74.5,83.99,5027.1,81.67,5.5,27213,6.1,7.86,450.95,134900,1123453.86,1386,8.75,7.57,8.19,0.96,20.56,56.81,0.28,1009.59,-0.67,0,89.79749
53.26,5.6,5.8,6.2,4.25,153.1,7289.4,74.79,83.99,5042.5,81.76,6.5,27270,6.1,7.64,451.92,130000,1126683.96,1421,8.75,7.32,7.93,0.24,20.52,57.17,0.28,1051,-0.66,0,89.98985
54.4,5.5,5.76,6.04,4.25,153.5,7297.7,74.7,83.55,5035.9,81.75,6.7,27273,6.5,7.48,453.23,135200,1131815.66,1400,8.75,7.12,7.75,-0.37,20.04,56.39,0.25,1022.14,-0.67,0,90.10587
55.06,5.6,5.8,5.93,4.25,153.7,7317.5,74.89,83.4,5077.8,81.65,8,27321,6,7.38,453.33,137000,1132018.33,1430,8.75,7.02,7.68,-0.09,20.06,56.4,0.2,1046.64,-0.73,0,90.21732
55.42,5.6,5.6,5.71,4.25,153.9,7326.1,75.17,83.36,5120.1,81.54,8.4,27331,5.5,7.2,455.11,138600,1130204,1442,8.65,6.82,7.49,0.03,20.46,57.9,0.26,1047.04,-0.71,0,90.31807
55.84,5.6,5.56,5.65,4.25,154.7,7337.5,74.68,82.45,5108.9,81.45,6.9,27353,6.1,7.03,456.91,131900,1135273.64,1387,8.5,6.81,7.47,-1.29,17.78,56.91,0.04,1024.95,-0.69,0,90.30815
56.53,5.5,5.22,5.81,4.25,155,7394.6,75.84,83.36,5156.1,81.42,5.3,27542,6.1,7.08,455.39,139400,1135035.09,1420,8.25,6.99,7.63,1.13,16.88,53.76,0.04,1094.02,-0.72,0,90.63256
57.25,5.5,5.31,6.27,4.25,155.5,7419.1,75.76,82.9,5196.4,81.69,5.2,27608,6,7.62,459.73,137000,1130850.8,1437,8.25,7.35,8.03,-0.24,18.5,54.88,0.02,1092.65,-0.67,0,90.83484
57.79,5.6,5.22,6.51,4.25,156.1,7376.4,76.46,83.27,5231.6,82.15,5.2,27424,5,7.93,460.27,140000,1136903.72,1463,8.25,7.5,8.19,0.56,19.24,55.86,0.09,1135.63,-0.62,0,90.96079
58.25,5.6,5.24,6.74,4.25,156.4,7470.8,77.02,83.49,5247.2,82.63,5.2,27747,6.1,8.07,462.09,136500,1136665.17,1457,8.25,7.62,8.3,0.59,16.81,53.19,0.13,1220.54,-0.67,0,91.20963
58.75,5.3,5.27,6.91,4.25,156.7,7515.5,77.67,83.8,5253.7,83.08,5.5,27884,6.5,8.32,464.42,140000,1135970.86,1429,8.25,7.71,8.4,0.66,16.63,53.75,0.39,1205.08,-0.69,0,91.42412
59.38,5.5,5.4,6.87,4.25,157,7495.6,77.57,83.3,5275.8,83.45,5.3,27780,6.1,8.25,467.2,144200,1141021.1,1450,8.25,7.65,8.35,0,15.41,52.89,0.37,1105.61,-0.67,0,91.61572
60.18,5.1,5.22,6.64,4.25,157.2,7513.8,78.01,83.39,5299,83.68,4.7,27816,5.9,8,469.84,137000,1142811.18,1413,8.25,7.46,8.18,0.37,14.81,51.7,0.33,1134.25,-0.69,0,91.75693
61.14,5.2,5.3,6.83,4.25,157.7,7531.8,78.55,83.57,5320,83.73,5.3,27851,6,8.23,472.09,139000,1144026.23,1392,8.25,7.66,8.35,0.41,13.73,51.05,0.37,1186.44,-0.7,0,91.91952
62.11,5.2,5.24,6.53,4.75,158.2,7530.8,78.51,83.13,5351.5,83.66,6,27817,5.8,7.92,473.73,143800,1149792.11,1358,8.25,7.39,8.07,0.04,12.81,49.56,0.29,1234.04,-0.71,0,92.11874
62.85,5.4,5.31,6.2,4.75,158.7,7550.6,79.2,83.45,5375,83.59,6.1,27862,5.8,7.62,475.52,143500,1152353.11,1412,8.25,7.1,7.79,0.65,12.86,49.72,0.21,1259.83,-0.73,0,92.34392
63.46,5.4,5.29,6.3,4.75,159.1,7577.2,79.71,83.58,5401.7,83.52,6.4,27935,5.7,7.6,479.04,144900,1151876.99,1411,8.25,7.2,7.89,0.12,13.33,51.18,0.16,1292.15,-0.66,0,92.47445
64.4,5.3,5.25,6.58,4.75,159.4,7602.1,79.82,83.29,5434.9,83.56,5.1,28003,5.6,7.82,480.87,145000,1150436,1382,8.25,7.42,8.09,0.28,11.68,50.6,0.05,1345.42,-0.64,0,92.65077
66,5.2,5.19,6.42,4.75,159.7,7624.6,80.78,83.87,5457.7,83.62,4.3,28062,5.7,7.65,483.29,143000,1158444,1445,8.25,7.31,7.94,1.1,11.44,48.05,0.04,1349.17,-0.69,0,92.88588
67.78,5.2,5.39,6.69,4.75,159.8,7659.5,81.34,84.02,5477.6,83.94,3.5,28165,5.8,7.9,485.07,148000,1162397,1436,8.3,7.55,8.18,0.52,11.48,47.56,0.16,1282.86,-0.7,0,93.12403
69.28,5.1,5.51,6.89,4.75,159.9,7664.7,81.36,83.61,5482.8,84.35,4.1,28157,5.9,8.14,488.02,150000,1171369,1421,8.5,7.73,8.34,0.15,12.25,47.89,0.26,1225,-0.67,0,93.34692
70.6,4.9,5.5,6.71,4.75,159.9,7696.3,81.83,83.64,5484.3,84.9,4,28245,6.2,7.94,489.76,141000,1177694,1414,8.5,7.58,8.2,0.4,10.87,46.02,0.24,1352.56,-0.66,0,93.54767
72.08,5,5.56,6.49,4.75,160.2,7720.6,82.23,83.59,5518.2,85.43,4,28305,6,7.69,491,145000,1184919,1402,8.5,7.41,8.02,0.51,10.31,46.64,0.37,1422.45,-0.68,0,93.74919
73.68,4.9,5.52,6.22,4.75,160.4,7751.8,82.85,83.74,5573,85.88,4.2,28387,5.5,7.5,494.53,145900,1188885,1440,8.5,7.14,7.75,0.86,9.88,46.41,0.41,1531.14,-0.69,0,93.98047
74.99,4.8,5.54,6.3,4.75,160.8,7791.7,83.72,84.12,5611.8,86.18,4,28500,5.4,7.48,497.41,144000,1191972,1449,8.5,7.22,7.82,0.44,10.49,46.66,0.6,1596.74,-0.67,0,93.96368
75.54,4.9,5.54,6.21,5.15,161.2,7813,84.46,84.35,5625.6,86.34,4.3,28546,5.6,7.43,499.08,146300,1200195,1494,8.5,7.15,7.7,0.89,9.74,46.06,0.44,1660.15,-0.65,0,94.34458
75.46,4.7,5.5,6.03,5.15,161.5,7849.7,85.2,84.55,5661.2,86.44,4.6,28650,5.6,7.29,502.16,141500,1207297,1499,8.5,7,7.57,0.71,10,45.64,0.27,1682.27,-0.59,0,94.60716
75.43,4.6,5.52,5.88,5.15,161.7,7898.4,85.95,84.75,5685.2,86.66,4.6,28800,5.8,7.21,506.08,145000,1211791,1469,8.5,6.87,7.42,0.96,10.56,46.5,0.15,1600.97,-0.51,0,94.83539
75.87,4.7,5.5,5.81,5.15,161.8,7942.9,86.21,84.45,5716.4,86.88,5.7,28936,5.8,7.1,509.57,145900,1218927,1456,8.5,6.76,7.32,0.09,10.67,47.92,0.32,1567,-0.52,0,95.07813
76.62,4.6,5.56,5.54,5.15,162,8015,86.66,84.34,5714.4,87.2,4.4,29174,6.7,6.99,512.03,148000,1224340,1555,8.5,6.61,7.19,0.5,9.75,47.54,0.21,1570.23,-0.58,0,95.28575
77.28,4.6,5.51,5.57,5.15,162,8067,86.76,83.88,5748.4,87.41,3.7,29341,6.8,7.04,513.84,156000,1234801,1647,8.5,6.67,7.25,0.4,9.54,45.17,0.06,1714.87,-0.64,0,95.43689
77.56,4.7,5.49,5.65,5.15,162,8114,86.82,83.4,5775,87.91,3.5,29487,6.9,7.13,517,152700,1244990,1605,8.5,6.72,7.32,0,10.17,45.59,0.04,1781.27,-0.67,0,95.54757
77.58,4.3,5.45,5.64,5.15,162.2,8140.5,87.13,83.17,5812.9,88.59,3.5,29555,6.6,7.14,519.26,148000,1251495,1547,8.5,6.69,7.33,0.39,11.17,46.6,0.07,1852.3,-0.66,0,95.7613
77.56,4.4,5.49,5.65,5.15,162.6,8173.6,87.69,83.18,5863.3,89.41,3.5,29647,6.3,7.14,519.73,153200,1253232,1554,8.5,6.69,7.3,0.41,9.81,44.97,0.15,1836.39,-0.63,0,96.06815
77.75,4.5,5.56,5.5,5.15,162.8,8219.9,87.14,82.16,5897.2,90.23,3.4,29785,6.2,7,522.71,148000,1254335,1551,8.5,6.53,7.13,-0.67,9.67,45.1,0.25,1795.74,-0.62,0,96.23837
78.23,4.5,5.54,5.46,5.15,163.2,8234.8,86.84,81.41,5915.6,90.89,3.8,29808,6.3,6.95,523.2,149900,1257185,1610,8.5,6.55,7.15,-0.69,9.65,44.6,0.26,1941.58,-0.61,0,96.3376
79.06,4.5,5.55,5.34,5.15,163.4,8261.8,88.63,82.64,5951,91.44,3.8,29873,6.2,6.92,526.6,154900,1261544,1654,8.5,6.52,7.14,1.57,9.69,44.72,0.27,1784.75,-0.5,0,96.59713
80.27,4.6,5.51,4.81,5.15,163.5,8287.3,88.46,82.05,5991.8,91.78,4.3,29933,5.8,6.72,531.33,155000,1266843,1577,8.49,6.4,7.09,-0.09,9.29,44.2,0.25,1663.43,-0.24,0,96.76353
81.57,4.5,5.07,4.53,5.15,163.9,8301.1,89.17,82.3,6025.8,92.03,4.3,29953,5.6,6.71,536,154500,1272023,1719,8.12,6.37,7.18,0.39,9.03,44.12,0.17,1615.69,-0.05,0,96.91696
82.83,4.4,4.83,4.83,5.15,164.1,8335,89.11,81.86,6042.7,92.23,4.2,30047,5.7,6.87,538.87,151000,1279110,1672,7.89,6.41,7.34,0.11,8.85,44.15,0.08,1888.72,-0.14,0,97.12534
84.14,4.4,4.68,4.65,5.15,164.4,8349.5,89.44,81.77,6098.2,92.47,4.9,30071,5.2,6.74,541.64,152500,1278733,1742,7.75,6.22,7.23,0.31,9.03,45.21,0.12,2071.03,-0.22,0,97.40548
85.62,4.3,4.63,4.72,5.15,164.7,8381.7,89.86,81.79,6099.1,92.74,4.3,30162,5.7,6.79,547.14,153100,1284137,1732,7.75,6.24,7.29,0.18,9.65,46.75,0.21,2357.8,-0.26,0,97.49479
87.24,4.4,4.76,5,5.15,164.7,8409,90.33,81.86,6128.2,93.01,3.7,30238,5.6,6.81,551.63,160000,1291285,1720,7.75,6.4,7.39,0.65,8.58,45.51,0.12,2356.99,-0.36,0,97.80775
88.94,4.2,4.81,5.23,5.15,164.8,8418.6,90.47,81.65,6159.7,93.64,3.4,30248,5.3,7.04,555.88,157300,1299986,1665,7.75,6.62,7.53,-0.15,8.83,43.23,0.07,2391.14,-0.43,0,97.88943
90.8,4.3,4.74,5.18,5.15,165.9,8402.6,90.73,81.56,6223.6,94.47,3.4,30162,4.5,6.92,558.94,159900,1302481,1600,7.75,6.64,7.48,0.07,9.2,43.61,0.17,2537.89,-0.45,0,98.17338
92.77,4.2,4.74,5.54,5.15,166,8420.1,91.35,81.8,6253.4,95.39,3.6,30195,4.3,7.15,565.08,154400,1305476,1640,7.75,6.93,7.72,0.75,10.02,44.83,0.13,2512.6,-0.45,0,98.33444
94.64,4.3,4.76,5.9,5.15,166,8448.9,91.2,81.35,6281.9,96.4,3.6,30267,4.2,7.55,567.57,159300,1307032,1702,7.75,7.23,8.02,-0.18,8.47,42.33,0.15,2520.96,-0.41,0,98.53596
95.82,4.3,4.99,5.79,5.15,166.7,8458.4,91.78,81.57,6309.5,97.22,3.8,30268,4.1,7.63,569.08,158200,1314224,1682,8,7.19,7.95,0.32,7.59,41.6,0.31,2741.26,-0.33,0,98.78632
95.84,4.2,5.07,5.94,5.15,167.1,8494.4,92.17,81.62,6354.8,97.93,3.8,30364,4,7.94,572.5,154800,1314847,1671,8.06,7.4,8.15,0.43,7.72,41.7,0.34,2642.45,-0.25,0,98.90388
95.33,4.2,5.22,5.92,5.15,167.8,8488.3,91.78,80.98,6407.4,98.43,4.7,30310,3.5,7.82,580.2,163200,1319675,1551,8.25,7.39,8.2,-0.27,7.65,41.32,0.34,2807.95,-0.21,0,99.07562
95.18,4.1,5.2,6.11,5.15,168.1,8541.3,93,81.76,6431.2,98.87,4.6,30468,3.9,7.85,589.8,161100,1326437,1649,8.25,7.55,8.38,1.2,6.77,40.73,0.28,2815.28,-0.21,0,99.37637
95.86,4.1,5.42,6.03,5.15,168.4,8601.7,93.44,81.86,6467.2,99.19,5.1,30655,4.1,7.74,604.24,172000,1337254,1672,8.37,7.36,8.15,0.54,6.28,40.97,0.24,3230.55,-0.28,0,99.59697
97.47,4,5.3,6.28,5.15,168.8,8672.2,94.16,82.2,6568.2,99.58,5.5,30879,3.7,7.91,628.12,164800,1345449,1683,8.5,7.55,8.19,0.84,5.26,41.65,0.32,3739.88,-0.3,0,99.8336
100,4,5.45,6.66,5.15,169.3,8744.8,94.17,81.93,6564.7,100,4.6,31111,4.7,8.21,618.6,163500,1344976,1727,8.5,7.78,8.33,0.41,5.17,44.23,0.37,4013.49,-0.32,0,100
103.06,4.1,5.73,6.52,5.15,170,8778.7,94.43,81.87,6648.7,100.57,3.9,31208,4.2,8.33,602.29,162400,1348569,1692,8.73,7.68,8.29,-0.31,5.08,42.1,0.11,4410.87,-0.34,0,100.09999
106.3,4,5.85,6.26,5.15,171,8800.6,94.79,81.9,6714.8,101.47,3.5,31260,3.9,8.24,600.02,165100,1350708,1651,8.83,7.68,8.37,0.67,6.52,39.75,0.18,4802.99,-0.25,0,100.45646
109.35,3.8,6.02,5.99,5.15,170.9,8836.9,95.49,82.23,6701,102.54,3.8,31363,4.4,8.15,601.79,162600,1357945,1597,9,7.64,8.4,0.76,7.1,40.61,0.3,3863.64,-0.17,0,100.68012
111.81,4,6.27,6.44,5.15,171.2,8869.8,95.64,82.08,6737.2,103.7,3.9,31454,4.3,8.52,604.23,164700,1362997,1543,9.24,7.99,8.9,-0.71,7.69,41.58,0.36,3528.42,-0.18,0,100.84728
113.57,4,6.53,6.1,5.15,172.2,8890.2,95.74,81.89,6773.6,104.86,4.4,31498,4.2,8.29,605.47,160100,1371106,1572,9.5,7.67,8.48,0.17,6.61,39.36,0.48,3865.48,-0.18,0,100.8198
114.94,4,6.54,6.05,5.15,172.7,8937.1,95.6,81.51,6793.7,105.72,3.9,31635,4.6,8.15,606.45,169000,1375840,1542,9.5,7.65,8.35,-0.35,6.8,39.88,0.57,4017.69,-0.23,0,100.95186
116.08,4.1,6.5,5.83,5.15,172.7,8985.2,95.32,81.01,6828.7,106.52,4.2,31776,4.6,8.03,605.65,166600,1381768,1552,9.5,7.55,8.26,-0.65,6.96,39.5,0.58,3909.6,-0.32,0,100.94041
117.09,3.9,6.52,5.8,5.15,173.6,8985.5,95.68,81.06,6913.1,107.14,4.3,31747,3.8,7.91,606.41,171500,1381751,1570,9.5,7.62,8.35,0.44,6.86,39.19,0.48,3875.82,-0.3,0,101.05033
117.63,3.9,6.51,5.74,5.15,173.9,9000,95.4,80.56,6919.6,107.73,4.3,31770,4,7.8,610.39,176300,1389703,1577,9.5,7.55,8.34,-0.72,6.73,38.77,0.42,3333.82,-0.26,0,101.03888
117.6,3.9,6.51,5.72,5.15,174.2,8994,95.42,80.32,6934.5,108.29,4.9,31722,3.8,7.75,611.28,174700,1396265,1614,9.5,7.45,8.28,-0.48,7.07,38.68,0.28,3055.42,-0.27,0,101.20833
116.64,3.9,6.4,5.24,5.15,174.6,9004.6,95.16,79.85,6979.1,108.79,4.6,31735,3.5,7.38,612.77,162000,1395074,1543,9.5,7.21,8.02,-0.44,6.92,38.37,0.21,2657.81,-0.18,0,101.31291
114.05,4.2,5.98,5.16,5.15,175.6,9054.5,94.55,79.1,7009.8,109.22,4.2,31886,4,7.03,616.74,171300,1396154,1699,9.05,7.15,7.93,-1.17,6.93,39.61,0.07,2656.86,-0.19,0,101.29382
109.82,4.2,5.49,5.1,5.15,176,9073,93.98,78.37,7029.3,109.64,3.4,31928,4.1,7.05,619.43,169100,1387247,1656,8.5,7.1,7.87,-0.94,6.38,39.15,0.05,2449.57,-0.31,0,101.35031
104.49,4.3,5.31,4.89,5.15,176.1,9101.3,93.73,77.93,7022.1,110.39,3.1,32004,4.5,6.95,622.21,166300,1381858,1659,8.32,6.98,7.84,-1.08,6.58,37.58,0.06,1986.66,-0.28,0,101.32894
98.93,4.4,4.8,5.14,5.15,176.4,9080.8,93.46,77.48,7036.2,111.25,3.4,31907,4.3,7.08,625.43,175200,1384185,1666,7.8,7.2,8.07,-1.45,6.84,38.57,0.05,1933.93,-0.27,1,101.11597
94.08,4.3,4.21,5.39,5.15,177.3,9061.7,92.88,76.79,7083.1,112.2,3.7,31814,3.7,7.15,630.35,175300,1384547,1665,7.24,7.29,8.07,-0.87,7.6,39.37,0.21,2181.13,-0.41,1,101.08467
89.93,4.5,3.97,5.28,5.15,177.7,9062.4,92.33,76.13,7097.1,113.27,3.8,31789,3.7,7.16,632.62,179400,1377468,1626,6.98,7.18,7.97,-1.53,6.93,38.1,0.23,2112.05,-0.45,1,100.99231
86.18,4.6,3.77,5.24,5.15,177.4,9198.4,91.81,75.51,7109.2,114.23,4,32239,5,7.13,638.38,175000,1371978,1598,6.75,7.13,7.97,-0.89,7.69,39.33,0.28,2033.98,-0.45,1,100.90988
83.2,4.9,3.65,4.97,5.15,177.4,9359,91.68,75.22,7146.1,114.99,4.2,32771,6.1,6.95,645.83,173700,1371307,1615,6.67,7.02,7.85,-0.95,7.57,39.66,0.18,1929.71,-0.46,1,100.79843
81.19,5,3.07,4.73,5.15,178.1,9290.6,91.33,74.76,7054.8,115.47,4.7,32502,6.3,6.82,671.48,166400,1369033,1565,6.28,7.17,8.03,-1.52,25.63,57.57,3.39,1573.31,-0.29,1,100.6076
79.85,5.3,2.49,4.57,5.15,177.6,9145.7,90.94,74.27,7250.2,115.68,4.8,31968,2.7,6.62,663.79,171300,1355411,1566,5.53,7.03,7.91,-1.07,12.07,44.63,0.13,1656.43,-0.24,1,100.35723
78.65,5.5,2.09,4.65,5.15,177.5,9167.5,90.49,73.75,7209.6,115.84,4.7,32019,3.4,6.66,661.23,168100,1344697,1651,5.1,6.97,7.81,-1.31,8.82,40.06,0.08,1870.06,-0.33,1,100.13053
77.36,5.7,1.82,5.09,5.15,177.4,9190.4,90.52,73.64,7190,116.06,4.7,32074,3.8,7.07,665.58,180200,1345495,1680,4.84,6.77,8.05,-0.55,9.05,41.05,0.07,1977.71,-0.3,0,99.99542
75.99,5.7,1.73,5.04,5.15,177.7,9385.7,91.09,73.97,7217.7,116.44,4.7,32733,5.6,7,673.73,187100,1350514,1665,4.75,6.55,7.87,-0.32,9.99,43.72,0.05,1976.77,-0.32,0,99.88169
74.91,5.7,1.74,4.91,5.15,178,9395.5,91.07,73.85,7259.7,116.92,3.7,32744,5.3,6.89,681.88,191100,1346860,1787,4.75,6.51,7.89,-0.31,9.25,42.49,0.03,1799.72,-0.41,0,99.78398
73.99,5.7,1.73,5.28,5.15,178.5,9391.3,91.8,74.34,7276.7,117.93,3.4,32707,5.3,7.01,685.14,183400,1345985,1691,4.75,6.81,8.11,-0.17,9.11,40.32,0.08,1863.05,-0.44,0,99.771
72.88,5.9,1.75,5.21,5.15,179.3,9417.9,92.18,74.56,7345.6,119.21,3.7,32776,5.1,6.99,689,187100,1346465,1669,4.75,6.76,8.03,-0.01,9.71,40.94,0.07,1758.8,-0.5,0,99.70765
71.61,5.8,1.75,5.16,5.15,179.5,9438.5,92.57,74.81,7321.8,120.79,3.7,32821,5.6,6.81,692.75,181000,1349813,1716,4.75,6.75,8.09,0.03,9.19,40.29,0.11,1660.31,-0.59,0,99.72063
70.4,5.8,1.75,4.93,5.15,179.6,9459,93.45,75.47,7366.1,122.33,3.9,32866,5.4,6.65,697,190600,1354597,1758,4.75,6.63,7.95,0.39,7.92,38.62,0.14,1505.49,-0.51,0,99.75955
69.35,5.8,1.73,4.65,5.15,180,9429.7,93.23,75.25,7424.2,123.69,4.1,32736,4.6,6.49,701,175600,1358611,1738,4.75,6.53,7.9,-0.59,8.04,39.42,0.19,1346.09,-0.37,0,99.70078
68.33,5.7,1.74,4.26,5.15,180.5,9422,93.23,75.23,7449,124.73,3.7,32681,4.4,6.29,702.8,178900,1358615,1695,4.75,6.37,7.58,-0.21,8.46,39.84,0.33,1327.36,-0.31,0,99.69544
67.19,5.7,1.75,3.87,5.15,180.8,9427.1,93.36,75.33,7426.1,125.49,4.1,32670,4.9,6.09,704.27,177500,1364883,1803,4.75,6.15,7.4,-0.41,8.66,38.86,0.23,1251.07,-0.27,0,99.64429
66.03,5.7,1.75,3.94,5.15,181.2,9448.3,93.08,75.11,7469.3,126.14,4.5,32716,4.7,6.11,710.71,189200,1364987,1799,4.75,6.32,7.73,-0.61,8.78,38.67,0.14,1241.91,-0.25,0,99.73055
65.06,5.9,1.34,4.05,5.15,181.5,9469.5,93.56,75.51,7499.8,126.64,4.7,32765,4.7,6.07,712.62,181200,1368972,1771,4.35,6.31,7.62,-0.04,9.76,39.21,0.27,1409.15,-0.33,0,99.73513
64.44,6,1.24,4.03,5.15,181.8,9497,93.11,75.17,7552.6,127.15,4.9,32837,4.5,6.05,714.04,197600,1375745,1896,4.25,6.21,7.45,-0.99,9.93,40.27,0.08,1387.15,-0.37,0,99.60536
64.4,5.8,1.24,4.05,5.15,182.6,9500.8,93.65,75.63,7579.5,127.65,4.6,32828,4.5,5.92,719.61,181700,1375218,1808,4.25,6.17,7.35,0.42,10.07,42.87,0.03,1389.56,-0.37,0,99.68704
64.77,5.9,1.26,3.9,5.15,183.6,9481.3,93.95,75.9,7573.6,128.33,4.2,32739,4.8,5.84,728.91,187000,1382007,1854,4.25,5.95,7.06,-0.66,9.85,41.93,0.03,1313.26,-0.4,0,99.5756
65.19,5.9,1.25,3.81,5.15,183.9,9514.9,93.74,75.76,7627.5,129.31,3.4,32832,4.6,5.75,732.46,185100,1382956,1757,4.25,5.89,6.95,-0.49,9.83,40.59,0.02,1348.5,-0.44,0,99.41683
65.68,6,1.26,3.96,5.15,183.2,9576.2,93.08,75.26,7661.7,130.49,3.7,33019,4.6,5.81,736.67,189500,1385846,1803,4.25,5.74,6.85,-1.04,10.6,41.17,0.03,1409.83,-0.55,0,99.37942
66.41,6.1,1.26,3.57,5.15,182.9,9650.6,93.1,75.3,7669.2,131.84,3.4,33249,5.1,5.48,738.87,195500,1383414,1835,4.25,5.22,6.38,-0.16,11.41,41.78,0.06,1524.18,-0.64,0,99.38782
67.38,6.3,1.22,3.33,5.15,183.1,9683.2,93.25,75.46,7722.9,133.23,3.2,33335,4.9,5.23,739.92,187900,1381472,1875,4.22,4.97,6.19,-0.01,11.46,42.02,0.16,1631.75,-0.63,0,99.38248
68.45,6.2,1.01,3.98,5.15,183.7,9792.1,93.66,75.8,7783.8,134.65,3.5,33682,5.5,5.63,741.6,190200,1381579,1885,4,5.49,6.62,0.08,12.18,43.59,0.13,1716.85,-0.62,0,99.39698
69.6,6.1,1.03,4.45,5.15,184.5,9852.8,93.52,75.71,7878.9,135.96,3.3,33861,5.3,6.26,745.67,190500,1376769,1966,4,5.88,7.01,-0.39,14.14,46.1,0.33,1724.82,-0.6,0,99.36187
70.88,6.1,1.01,4.27,5.15,185.1,9739,94.07,76.17,7874,137.08,3.9,33442,4.5,6.15,745.84,192000,1381387,1961,4,5.72,6.79,0.46,12.49,44.44,0.18,1856.22,-0.6,0,99.44583
72.03,6,1.01,4.29,5.15,184.9,9780.6,94.21,76.3,7890.6,137.98,4.2,33557,4.6,5.95,753.94,194100,1385569,2012,4,5.7,6.73,0.2,11.6,43.12,0.11,1907.89,-0.63,0,99.60231
72.66,5.8,1,4.3,5.15,185,9852.4,94.94,76.9,7950.4,138.77,4.9,33778,4.7,5.93,754.99,207100,1388053,1918,4,5.65,6.66,0.66,11.52,42.65,0.07,1939.25,-0.66,0,99.6046
72.73,5.7,0.98,4.27,5.15,185.5,9869.1,94.86,76.85,7974.3,139.63,5,33814,4.8,5.88,752.96,196000,1390092,1987,4,5.62,6.6,0,10.87,42.95,0.05,1956.98,-0.68,0,99.69696
72.57,5.7,1,4.15,5.15,186.3,9879.9,95.11,77.06,8037.3,140.71,4.2,33830,4.5,5.71,756.82,209500,1388917,1952,4,5.54,6.44,0.15,11.58,45.46,0.11,2098,-0.72,0,99.82444
72.48,5.6,1.01,4.08,5.15,186.7,9900.7,95.68,77.53,8072.1,142.03,3.6,33880,4.5,5.64,763.25,219600,1395974,1966,4,5.5,6.27,0.51,10.9,43.87,0.04,2048.36,-0.76,0,99.86871
72.58,5.8,1,3.83,5.15,187.1,9936.6,95.21,77.16,8121,144.09,3,33979,4.5,5.45,764.41,209600,1401986,2066,4,5.33,6.11,0.61,12.05,44.18,0.05,1979.48,-0.77,0,100.11908
72.82,5.6,1,4.35,5.15,187.4,9969.2,95.63,77.52,8141.6,146.18,3.5,34065,4.7,5.83,768.08,222300,1405359,2070,4,5.73,6.46,0.31,14.09,46.06,0.09,2021.32,-0.75,0,100.31296
73.09,5.6,1,4.72,5.15,188.2,10020.2,96.4,78.14,8212.9,148.34,3.3,34214,4.7,6.27,770.19,211700,1410140,2150,4,6.04,6.75,0.81,14.08,46.34,0.11,1930.09,-0.71,0,100.53967
73.28,5.6,1.03,4.73,5.15,188.9,10020.5,95.6,77.5,8204.6,150.52,3.7,34188,5,6.29,775.42,215700,1416308,2020,4.01,6.01,6.78,-0.41,13.2,45.72,0.18,2000.98,-0.71,0,100.60226
73.39,5.5,1.26,4.5,5.15,189.1,10036.4,96.34,78.1,8270.7,152.34,4.2,34213,4.6,6.06,780.96,212400,1424812,2112,4.25,5.82,6.62,0.65,13.32,46.78,0.25,1912.42,-0.71,0,100.63661
73.51,5.4,1.43,4.28,5.15,189.2,10065.8,96.41,78.15,8294.4,153.81,4,34284,4.6,5.87,781.82,218100,1431471,2056,4.43,5.65,6.46,0.32,12.39,45.84,0.25,1821.54,-0.69,0,100.72515
73.62,5.4,1.61,4.13,5.15,189.8,10066,96.49,78.21,8373,155.11,4.4,34255,3.9,5.75,786.29,211600,1428062,2041,4.58,5.46,6.27,0.14,13.01,46.5,0.34,1884.73,-0.7,0,100.84499
73.68,5.5,1.76,4.1,5.15,190.8,10075,97.41,78.92,8417.9,156.3,4.1,34257,3.8,5.72,792.22,229200,1435368,2097,4.75,5.47,6.21,0.7,11.92,45.67,0.18,1938.25,-0.72,0,101.11063
73.67,5.4,1.93,4.19,5.15,191.7,10051.2,97.62,79.06,8458.4,157.5,5,34149,3.5,5.73,793.88,224500,1443649,2079,4.93,5.52,6.2,-0.02,12.09,45.63,0.18,2062.87,-0.73,0,101.15872
73.74,5.4,2.16,4.23,5.15,191.7,10418.5,98.33,79.59,8516.5,158.67,5.2,35370,6.3,5.75,787.96,229600,1444412,2082,5.15,5.47,6.15,0.94,12.05,46.85,0.06,2149.53,-0.75,0,101.25489
73.95,5.3,2.28,4.22,5.15,191.6,10070.4,98.79,79.9,8521.2,160.14,4.8,34164,3.2,5.71,793.82,223100,1456813,2139,5.25,5.36,6.02,0.39,14.07,50.44,0.06,2071.87,-0.73,0,101.3671
74.15,5.4,2.5,4.17,5.15,192.4,10074.5,99.46,80.37,8575.7,161.93,4,34156,2.9,5.63,800.43,237300,1464721,2114,5.49,5.2,5.82,0.55,12.22,46.62,0.04,2065.74,-0.72,0,101.55335
74.17,5.2,2.63,4.5,5.15,193.1,10105.9,99.32,80.18,8622.5,164.58,3.5,34240,2.9,5.93,800.92,229300,1467789,2062,5.58,5.4,6.06,-0.35,12.03,45.92,0.05,2030.43,-0.73,0,101.65869
74.04,5.2,2.79,4.34,5.15,193.7,10125.6,99.46,80.21,8715.9,167,3.8,34282,2.2,5.86,802.33,236300,1469396,2150,5.75,5.33,6.05,0.77,12.91,46.54,0.13,1957.49,-0.68,0,101.93196
73.93,5.1,3,4.14,5.15,193.6,10167.5,99.6,80.22,8680.6,169.54,3.7,34398,3,5.72,800.44,228300,1469604,2085,5.98,5.15,6.01,-0.01,11.92,46.33,0.14,2005.22,-0.62,0,102.06325
74.04,5,3.04,4,5.15,193.7,10196.8,99.98,80.43,8775.3,172.01,4,34469,2.3,5.58,804.95,226100,1471030,2178,6.01,4.96,5.86,0.47,11.16,45.97,0.25,2074.02,-0.63,0,102.25179
74.58,5,3.26,4.18,5.15,194.9,10222.5,99.67,80.08,8867.9,174.1,3.9,34527,1.9,5.7,806.61,229200,1467842,2203,6.25,5.06,5.95,-0.05,11.5,47.08,0.43,2145.14,-0.66,0,102.53498
75.55,4.9,3.5,4.26,5.15,196.1,10238,99.95,80.19,8872.6,175.92,4.3,34548,2.4,5.82,808.07,240100,1470746,2219,6.44,5.09,5.96,0.32,11.03,45.49,0.36,2157.85,-0.65,0,102.68459
76.65,5,3.62,4.2,5.15,198.8,10185.6,98.08,78.59,8923.6,177.61,5,34341,2.3,5.77,812.43,240400,1474931,2263,6.59,5.13,6.03,-0.87,11.71,46.12,0.33,2144.61,-0.62,0,102.73497
77.64,5,3.78,4.46,5.15,199.1,10234.6,99.32,79.47,8959.6,178.75,4.7,34477,2.6,6.07,816.73,243900,1482050,2170,6.75,5.35,6.3,0.97,10.25,44.76,0.28,2087.09,-0.63,0,102.80061
78.64,5,4,4.54,5.15,198.1,10304.9,100.33,80.17,8987.7,179.68,5.9,34686,2.7,6.33,817.48,237900,1485794,2218,7,5.42,6.39,0.91,10.15,44.67,0.13,2202.84,-0.65,0,103.05785
80,4.9,4.16,4.47,5.15,198.1,10359.6,100.95,80.55,9026.8,180.11,5.9,34844,2.8,6.27,815.44,238600,1493623,2120,7.15,5.37,6.32,0.47,10.05,45.38,0.17,2246.09,-0.64,0,103.17617
81.69,4.7,4.29,4.42,5.15,199.3,10498.6,101.06,80.54,9100.1,180.83,5.9,35286,3.8,6.15,825.17,244900,1498055,2212,7.26,5.29,6.24,0.69,10.27,47.15,0.11,2289.99,-0.65,0,103.39142
83.17,4.8,4.49,4.57,5.15,199.4,10543.4,101.08,80.44,9134.7,181.5,6.1,35412,3.8,6.25,832.41,250800,1497414,2141,7.5,5.35,6.27,0.14,9.41,44.61,0.05,2273.67,-0.67,0,103.62958
83.91,4.7,4.59,4.72,5.15,199.7,10562.7,101.27,80.49,9168.1,182.75,5.1,35451,3.8,6.32,834.05,238800,1505907,2118,7.53,5.53,6.41,0.32,9.14,42.72,0.17,2300.26,-0.7,0,103.85628
84.16,4.7,4.79,4.99,5.15,200.7,10549.1,101.69,80.7,9223.3,183.65,5.6,35379,3.4,6.51,835.33,257000,1508585,1998,7.75,5.84,6.68,-0.06,10.3,44.73,0.25,2338.68,-0.72,0,103.98452
84.43,4.6,4.94,5.11,5.15,201.3,10539.8,101.58,80.5,9254.1,184.38,5.5,35321,3.2,6.6,836.97,238200,1515239,1905,7.93,5.95,6.75,-0.16,10.72,45.5,0.18,2245.28,-0.7,0,104.00818
84.79,4.6,4.99,5.11,5.15,201.8,10563.3,101.97,80.68,9283.8,184.55,5.8,35370,3.4,6.68,836.89,243200,1519937,1867,8.02,5.89,6.78,0.04,9.99,45.12,0.25,2137.41,-0.65,0,104.06848
85.23,4.7,5.24,5.09,5.15,202.9,10560.4,101.94,80.51,9360.4,184.62,6.9,35330,2.9,6.76,835,238100,1522292,1763,8.25,5.85,6.76,-0.37,9.69,44.93,0.35,2086.21,-0.65,0,104.22573
85.88,4.7,5.25,4.88,5.15,203.8,10558.6,102.33,80.67,9368.6,184.41,6.5,35292,3,6.52,834.65,243900,1529279,1722,8.25,5.68,6.59,0.28,8.85,42.71,0.37,2117.77,-0.68,0,104.36236
86.39,4.5,5.25,4.72,5.15,202.8,10623.5,102.12,80.34,9393.9,184.21,7,35476,3,6.4,834.23,226700,1534653,1655,8.25,5.51,6.43,-0.15,9.16,42.64,0.4,2221.94,-0.68,0,104.47533
86.44,4.4,5.25,4.73,5.15,201.9,10684.6,102.07,80.12,9413.3,184.06,7.5,35650,3.1,6.36,837.9,250400,1534940,1570,8.25,5.51,6.42,-0.38,8.23,41.71,0.23,2330.17,-0.69,0,104.48449
86.37,4.5,5.25,4.6,5.15,202,10722.4,101.95,79.85,9431.2,183.64,7.8,35747,3.2,6.24,840.33,240100,1539525,1535,8.25,5.33,6.2,-0.22,8.37,42.15,0.16,2408.7,-0.72,0,104.64326
86.67,4.4,5.24,4.56,5.15,203.1,10750.4,103.03,80.51,9516.5,183.24,7.6,35813,3,6.14,837.71,244700,1540133,1638,8.25,5.32,6.22,0.95,8.48,43.28,0.19,2431.91,-0.7,0,104.77532
87.64,4.6,5.25,4.76,5.15,203.44,10759.9,102.49,79.91,9553.1,182.72,8.2,35819,3,6.22,843.5,254400,1539267,1626,8.25,5.4,6.34,-0.76,8.75,44.61,0.21,2453.19,-0.72,0,104.95393
89.21,4.5,5.26,4.72,5.15,204.23,10788,103.54,80.54,9590.8,182.48,8,35887,3.3,6.29,847.26,250800,1542988,1598,8.25,5.39,6.28,0.29,7.62,42.58,0.03,2479.86,-0.76,0,105.01882
90.87,4.4,5.26,4.56,5.15,205.29,10820.6,103.75,80.53,9631.6,182.2,6.8,35970,3.6,6.16,848.18,262600,1542181,1596,8.25,5.3,6.27,0.33,7.43,40.67,0.05,2401.49,-0.71,0,105.18217
91.75,4.5,5.25,4.69,5.15,205.9,10818.3,104.5,80.94,9670.6,182.14,6.5,35936,3.2,6.18,848.95,242500,1546351,1470,8.25,5.47,6.39,-0.16,8.51,42.5,0.08,2499.57,-0.69,0,105.2272
91.24,4.4,5.25,4.75,5.15,206.76,10813,104.54,80.82,9708.9,181.89,6.9,35891,3,6.26,849.6,245000,1550050,1493,8.25,5.47,6.39,0,9.13,44.08,0.1,2562.14,-0.69,0,105.34399
89.98,4.6,5.25,5.1,5.15,207.23,10800.7,104.57,80.7,9723.3,181.55,7.5,35820,2.8,6.66,851.16,235500,1553165,1407,8.25,5.79,6.7,-0.21,8.74,43.87,0.19,2595.4,-0.66,0,105.40276
89.18,4.7,5.26,5,5.85,207.6,10825.1,104.52,80.56,9759.6,181,8,35870,2.8,6.7,851.85,246200,1555368,1361,8.25,5.73,6.65,-0.49,8.3,42.91,0.26,2655.08,-0.51,0,105.37987
89.39,4.6,5.02,4.67,5.85,207.67,10831.6,104.74,80.66,9800.6,180.24,8.9,35859,2.6,6.57,853.4,236500,1559863,1321,8.25,5.79,6.65,-0.32,10.91,44.93,0.98,2539.5,-0.12,0,105.35849
90.44,4.7,4.94,4.52,5.85,208.55,10859.2,105.15,80.93,9837.5,179.13,9.9,35918,2.8,6.38,851.45,240300,1564917,1261,8.03,5.74,6.59,-0.08,8.73,42.67,1.57,2634.47,0.01,0,105.43177
91.85,4.7,4.76,4.53,5.85,209.19,10839.4,104.72,80.57,9853.9,177.54,9,35822,2.8,6.38,856.41,234300,1566946,1192,7.74,5.66,6.48,-0.67,8.28,42.05,0.25,2780.42,-0.13,0,105.49131
92.93,4.7,4.49,4.15,5.85,210.83,10828.9,105.3,81.03,9928.6,175.18,11.2,35759,2.5,6.21,857.43,249100,1569196,1224,7.5,5.44,6.4,-0.09,8.5,42.6,0.37,2662.8,0.08,0,105.57222
92.98,5,4.24,4.1,5.85,211.45,10874.9,105.35,81.1,9947.6,173.35,11.4,35883,3,6.1,847.37,227700,1574298,1149,7.33,5.49,6.65,-0.59,8.1,43.46,15.43,2661.55,0.35,0,105.65161
92.18,5,3.94,3.74,5.85,212.17,10906.2,105.07,80.92,9963.2,171.09,11.1,35961,3.3,5.76,851.37,232400,1579356,1094,6.98,5.33,6.54,-0.54,8.67,44.89,45.66,2418.09,0.31,1,105.65771
91.25,4.9,2.98,3.74,5.85,212.69,10925.4,104.71,80.7,9955.7,169.2,9.9,35999,3.8,5.92,857.1,245300,1575169,1014,6,5.53,6.82,-1.2,8.34,43.82,60.16,2325.83,0.43,1,105.59588
90.73,5.1,2.61,3.51,5.85,213.45,10948.4,104.46,80.56,10004.2,167.91,9.5,36049,3.9,5.97,860.66,229300,1567528,967,5.66,5.51,6.89,-1.25,9.89,43.77,94.52,2254.82,0.73,1,105.5539
90.43,5,2.28,3.68,5.85,213.94,10906.9,103.67,80.01,10044.6,167.33,9.3,35887,3.5,5.92,855.65,246400,1563781,1008,5.24,5.55,6.97,-1.14,9.75,45.04,135.41,2368.1,0.63,1,105.3791
89.76,5.4,1.98,3.88,5.85,215.21,11431.6,103.09,79.6,10093.3,167.03,9.3,37585,7.9,6.04,860.68,229300,1557136,995,5,5.57,6.93,-1.42,10.84,46.87,155.78,2483.24,0.36,1,105.23865
88.24,5.6,2,4.1,5.85,217.46,11129.8,102.84,79.44,10149.4,166.55,9.6,36564,5.5,6.32,863.89,234300,1559717,1180,5,5.68,7.07,-1.18,10.15,45.81,171.28,2427.45,0.46,1,105.1211
86.15,5.8,2.01,4.01,6.55,219.02,10954.3,102.29,79.01,10151.1,165.73,9.8,35958,4.4,6.43,871.64,237300,1563443,921,5,5.67,7.16,-1.86,10.51,45.98,165.66,2278.14,0.57,1,104.95851
83.9,6.1,2,3.89,6.55,218.69,10866.7,100.72,77.77,10140.3,164.29,10.8,35640,3.7,6.48,872.3,221000,1558837,858,5,5.64,7.15,-2.11,10.45,45.79,168.08,2389.27,0.52,1,104.74707
81.18,6.1,1.81,3.69,6.55,218.88,10878.9,96.36,74.35,10083.2,161.93,11.4,35650,4.4,6.04,936.49,225200,1551301,797,5,5.65,7.31,-3.71,67.51,102.89,290.11,2205.2,1.16,1,104.40892
77.42,6.5,0.97,3.81,6.55,217,10933,97.28,75,9983.3,159.17,12,35799,5.4,6.2,1142.19,213200,1545236,736,4.56,6.28,8.88,-1.99,278.02,314.8,648.32,1730.32,2.16,1,104.04635
72.96,6.8,0.39,3.53,6.55,213.15,11008.9,96.06,73.98,9851.2,156.08,13.6,36022,6.2,6.09,1480.77,221600,1543091,626,4,6.12,9.21,-3.62,571.08,609.14,698.79,1542.7,2.55,1,103.46699
68.96,7.3,0.16,2.42,6.55,211.4,10969.2,93.25,71.74,9744.2,152.55,13.6,35867,6.4,5.29,1669.27,229600,1532334,554,3.61,5.05,8.43,-4.33,783.63,820.88,653.57,1525.89,2.47,1,102.92732
66.31,7.8,0.15,2.52,6.55,211.93,11015.1,91.03,69.96,9792.1,149.37,14.3,35993,6.4,5.05,1730.17,208600,1525464,545,3.25,5.05,8.14,-4.69,820.67,860.24,563.5,1537.2,2.01,1,102.32659
65.07,8.3,0.22,2.87,6.55,212.71,10916,90.44,69.43,9775.7,147.63,11.2,35646,5.9,5.13,1590.17,209700,1512766,558,3.25,5.27,8.08,-2.37,662.19,700.96,582.5,1485.98,1.83,1,101.78922
64.56,8.7,0.18,2.82,6.55,212.5,10916.6,89.01,68.28,9742.9,146.53,9.9,35624,6.1,5,1668.49,205100,1499051,513,3.25,5.5,8.42,-3.7,741.02,778.13,612.11,1432.23,1.78,1,101.17704
64.35,9,0.15,2.93,6.55,212.71,10976.4,88.3,67.69,9741.9,146.96,9.4,35795,6.7,4.81,1787.71,219200,1488258,521,3.25,5.39,8.39,-2.68,844.53,881.74,558.19,1641.15,1.4,1,100.63966
64.55,9.4,0.18,3.29,6.55,213.02,11147.2,87.41,66.98,9759.7,148.19,8.4,36326,8.1,4.86,1799.23,222300,1473462,556,3.25,5.54,8.06,-2.14,865.31,902.81,525.45,1726.08,0.99,1,100.36945
65.41,9.5,0.21,3.72,6.55,214.79,10958,87.07,66.71,9807.6,149.81,7.6,35683,6.6,5.42,1704.01,214700,1456061,601,3.25,5.61,7.5,-1.7,771.98,809.73,438.72,1826.99,0.81,1,100.01145
66.74,9.5,0.16,3.56,7.25,214.73,10919.5,88.03,67.47,9835.2,150.76,7.2,35531,6,5.22,1693.75,214200,1441202,595,3.25,5.41,7.09,-0.02,758.91,796.54,366.96,1873.84,0.58,0,99.7504
68.07,9.6,0.16,3.59,7.25,215.45,10892.4,89.02,68.28,9961.9,150.68,7.3,35415,4.9,5.19,1728.13,207100,1421868,616,3.25,5.26,6.58,-0.39,790.76,828.74,331.45,1997.16,0.33,0,99.60078
69.26,9.8,0.15,3.4,7.25,215.86,10907.1,89.7,68.86,9875.4,149.63,8.4,35433,5.9,5.06,1819.75,216600,1413778,609,3.25,5.13,6.31,-0.52,884.21,922.6,306.83,2084.75,0.23,0,99.42598
70.2,10,0.12,3.39,7.25,216.51,10862.6,89.99,69.18,9924.6,148.6,7.4,35260,5.4,4.95,1975.37,215100,1415165,583,3.25,5.15,6.29,-0.67,1017.77,1056.72,265.06,2122.85,0.15,0,99.26645
70.75,9.9,0.12,3.4,7.25,217.23,10888,90.35,69.57,9946.1,147.95,9,35317,5.7,4.88,2044.69,218800,1417019,623,3.25,5.19,6.32,-0.04,1102.45,1141.6,217.31,2143.53,0.1,0,99.27561
71.09,9.9,0.12,3.59,7.25,217.35,10925.7,90.62,69.91,10000.6,146.68,9.6,35416,5.7,4.93,2017.35,222600,1410259,664,3.25,5.26,6.37,-0.71,1099.83,1140.45,169.93,2220.6,0.02,0,99.06417
71.65,9.8,0.11,3.73,7.25,217.49,10906.7,91.68,70.87,10003.4,145,9.7,35331,5.6,5.03,2010.15,218200,1409051,636,3.25,5.26,6.25,0.16,1070.7,1112.38,142.14,2267.77,-0.08,0,99.07791
72.32,9.8,0.13,3.69,7.25,217.28,10887.5,92.01,71.27,10034.7,143.06,8.6,35246,5.2,4.99,2151.02,221900,1412480,650,3.25,5.35,6.34,-0.6,1183.76,1225.48,111.23,2194.44,-0.14,0,99.02219
72.87,9.9,0.16,3.73,7.25,217.35,10912,92.61,71.89,10095.5,143.59,6.3,35303,5,4.97,2106.63,224800,1415849,687,3.25,5.27,6.27,0.57,1143.63,1184.49,91.64,2362.24,-0.26,0,99.16951
73.18,9.9,0.2,3.85,7.25,217.4,10993.2,92.96,72.33,10106.9,145.39,5.3,35544,5.6,5.1,2044.38,208300,1418014,637,3.25,5.29,6.25,0.58,1076.46,1117.45,80.23,2475.72,-0.33,0,99.3382
73.32,9.6,0.2,3.42,7.25,217.29,11067,94.3,73.53,10140.2,147.02,8.3,35762,6,4.89,2034.56,230500,1418457,575,3.25,4.96,6.05,0.46,1070.76,1111.34,75.63,2319.24,-0.09,0,99.73666
73.64,9.4,0.18,3.2,7.25,217.2,11071.3,94.43,73.78,10165.9,147.69,7.5,35753,5.9,4.74,2024.08,219500,1426851,587,3.25,4.88,6.23,-0.32,1058.77,1099.21,69.9,2235.23,0.02,0,99.62979
74.32,9.4,0.18,3.01,7.25,217.61,11080.5,94.84,74.24,10184.3,147.54,7.9,35759,5.9,4.56,2015.27,212100,1436061,579,3.25,4.72,6.01,0.23,1046.94,1087.75,65.85,2210.27,-0.12,0,99.57025
74.98,9.5,0.19,2.7,7.25,217.92,11114.7,95.14,74.61,10247.1,146.4,8.9,35844,5.8,4.43,2014.72,226600,1444909,580,3.25,4.49,5.66,-0.26,1044.12,1085.05,60.08,2205.28,-0.15,0,99.55804
75.32,9.5,0.19,2.65,7.25,218.28,11101.2,95.35,74.88,10268.9,144.58,8.2,35774,5.6,4.35,1981.25,228000,1456255,563,3.25,4.53,5.66,-0.34,1006.74,1047.86,52.52,2298.35,-0.17,0,99.50995
75.48,9.4,0.19,2.54,7.25,219.04,11128.3,95.1,74.77,10343.7,143.12,8.7,35837,5.4,4.23,1998.59,204200,1465357,558,3.25,4.68,5.72,-0.23,998.51,1039.67,48.57,2441.3,-0.26,0,99.71376
75.6,9.8,0.19,2.76,7.25,219.59,11160.8,95.14,74.87,10399.8,141.81,9.5,35919,5.3,4.3,1991.2,219600,1464793,560,3.25,4.87,5.92,-0.37,997.74,1038.64,46.69,2530.99,-0.28,0,99.81222
75.52,9.3,0.18,3.29,7.25,220.47,11239,96.03,75.63,10436.1,140.63,8.3,36149,5.9,4.71,2009.35,241200,1471433,632,3.25,5.02,6.1,0.18,1035.07,1078,45.49,2631.56,-0.3,0,99.86795
75.09,9.1,0.17,3.39,7.25,221.19,11297.4,95.94,75.59,10474.7,139.04,8.6,36317,6.3,4.76,2057.21,240100,1472405,576,3.25,5.04,6.09,0.01,1066.21,1110.35,32.25,2717.21,-0.38,0,99.90153
74.56,9,0.16,3.58,7.25,221.9,11329,95.51,75.27,10512.4,137.74,8.3,36400,6.4,4.95,2243.65,220100,1470307,542,3.25,5.22,6.15,-0.45,1219.26,1263.7,21.93,2783.54,-0.39,0,100.04046
74.35,9,0.14,3.41,7.25,223.05,11312.4,96.47,76.01,10583.5,137.79,6.4,36328,6.1,4.84,2428.27,220500,1477576,583,3.25,5.13,6.03,0.59,1391.36,1434.88,19.88,2722.29,-0.37,0,100.23434
74.56,9.1,0.1,3.46,7.25,224.09,11282.8,96.13,75.73,10624.6,139.15,5.7,36212,5.8,4.84,2531.77,224700,1483355,581,3.25,5.16,6.02,-0.67,1484.15,1527.99,17.84,2797.07,-0.43,0,100.48089
74.8,9,0.09,3.17,7.25,224.81,11277.1,96.33,75.84,10653.1,140.68,5.9,36173,5.9,4.64,2590.43,222000,1490396,618,3.25,4.96,5.78,-0.36,1546.49,1589.81,15.15,2815.08,-0.4,0,100.54272
74.78,9.1,0.09,3,7.25,224.81,11325.8,96.59,75.98,10676.4,141.94,5.9,36306,6.1,4.51,2671.53,240200,1491873,636,3.25,4.99,5.75,-0.11,1622.35,1665.83,13.24,2687.76,-0.36,0,100.72134
74.68,9,0.07,3,7.25,225.4,11371.2,97.1,76.3,10727.1,142.33,6.1,36427,6.2,4.55,2703.59,229900,1492428,621,3.25,4.93,5.76,0.25,1652.21,1696.56,12.4,2810.58,-0.31,0,100.77629
74.81,9,0.1,2.3,7.25,226.11,11363.5,97.66,76.64,10745.6,141.77,6.6,36376,6.2,4.27,2680.47,219600,1495832,647,3.25,4.37,5.36,-0.1,1621.06,1666.56,11.83,2504.62,-0.04,0,100.86179
74.85,9,0.08,1.98,7.25,226.6,11330.8,97.61,76.49,10790.6,140.15,6.7,36246,5.7,4.11,2656.66,217000,1488522,610,3.25,4.09,5.27,-0.33,1596.94,1643.45,11.58,2524.14,0.12,0,101.03964
74.47,8.8,0.07,2.15,7.25,226.75,11340.8,98.29,76.91,10827.6,138.4,6.4,36254,5.5,4.07,2678.54,224800,1496999,671,3.25,3.98,5.37,0.2,1592.45,1638.92,11.21,2594.78,0.07,0,101.19917
73.82,8.6,0.08,2.01,7.25,227.17,11329.3,98.23,76.74,10828.7,136.65,6.9,36195,5.6,3.99,2623.19,214300,1501857,706,3.25,3.87,5.14,-0.54,1546.12,1592.41,10.34,2606.29,0.08,0,101.30985
73.36,8.5,0.07,1.98,7.25,227.22,11416,98.77,77.03,10827.3,135.16,6.3,36451,6.4,3.96,2603.72,218600,1504742,697,3.25,3.93,5.25,0.39,1550.04,1598.72,9.53,2601.67,0.04,0,101.46328
73.31,8.3,0.08,1.97,7.25,227.84,11495.2,99.37,77.36,10905.6,134.16,6.3,36684,6.6,3.92,2647.73,221700,1509071,715,3.25,3.85,5.23,0.62,1568.92,1619.19,8.61,2743.8,-0.15,0,101.72892
73.4,8.3,0.1,1.97,7.25,228.33,11559,99.64,77.44,10975.9,133.99,4.9,36869,6.7,3.89,2733.3,239900,1516099,733,3.25,3.85,5.14,-0.05,1609.78,1659.92,7.93,2928.98,-0.25,0,101.90677
73.4,8.2,0.13,2.17,7.25,228.81,11589,99.16,76.93,10987.2,135.87,4.3,36945,7,3.95,2684.41,239800,1518802,797,3.25,3.99,5.23,-0.45,1557.86,1606.35,7.33,3035.92,-0.32,0,102.10828
73.51,8.2,0.14,2.05,7.25,229.19,11620,99.92,77.39,11017.4,138.49,4.2,37023,7.2,3.91,2673.91,236400,1523106,747,3.25,3.96,5.19,0.02,1537.81,1586.71,6.87,3035.1,-0.35,0,102.16324
73.65,8.2,0.16,1.8,7.25,228.71,11632.1,100.1,77.4,11010.3,141.07,4.2,37041,7.3,3.8,2635.13,239200,1528459,807,3.25,3.8,5.07,-0.29,1510.12,1558.51,6.19,2900.41,-0.26,0,102.25255
73.32,8.2,0.16,1.62,7.25,228.52,11657.8,100.05,77.25,10997.4,143.18,4.2,37100,7.6,3.68,2644.97,232600,1534885,790,3.25,3.64,5.02,-0.55,1507.6,1555.38,5.21,2850.35,-0.21,0,102.30446
72.3,8.2,0.16,1.53,7.25,228.59,11626.4,100.31,77.33,11034.9,144.29,4.3,36975,7.1,3.55,2669.48,237400,1545635,840,3.25,3.4,4.87,-0.27,1535.05,1583.77,4.26,2920.11,-0.3,0,102.42353
71.42,8.1,0.13,1.68,7.25,229.92,11605.6,99.9,76.9,11054.9,144.71,4.7,36883,7.1,3.6,2669.84,253200,1551736,832,3.25,3.48,4.91,-0.67,1532.98,1582.2,3.27,3032.67,-0.36,0,102.55559
71.7,7.8,0.14,1.72,7.25,231.02,11660.2,99.89,76.78,11131,144.37,4.8,37030,7.2,3.5,2616.69,254600,1557036,921,3.25,3.49,4.84,-0.05,1468.68,1517.51,1.97,3136.8,-0.44,0,102.70367
72.76,7.8,0.16,1.75,7.25,231.64,11729.1,100.12,76.84,11144.7,143.98,5.2,37225,7.8,3.38,2649.21,247200,1555255,895,3.25,3.47,4.58,-0.4,1476.73,1525.58,1.47,3060.26,-0.5,0,102.82046
73.56,7.7,0.16,1.65,7.25,231.25,11884.7,100.61,77.11,11161.7,143.98,5.4,37695,8.8,3.35,2665.52,245000,1558950,930,3.25,3.5,4.51,0.24,1497.51,1546.11,1.05,2941.02,-0.5,0,102.91969
73.84,7.9,0.16,1.72,7.25,231.22,12194.8,100.93,77.25,11186.5,143.88,5.3,38658,11,3.35,2657.23,258300,1562779,938,3.25,3.65,4.63,0.3,1517.43,1570.38,0.8,3003.79,-0.53,0,103.10518
73.97,8,0.14,1.91,7.25,231.68,11435.5,100.88,77.11,11225.4,144.33,4.6,36233,4.9,3.41,2749.24,251500,1575421,928,3.25,3.8,4.73,-0.4,1582.52,1636.93,0.57,3125.91,-0.59,0,103.26318
74.25,7.7,0.15,1.98,7.25,232.94,11432.8,101.43,77.44,11283,145.17,4.2,36209,4.7,3.53,2874.7,265100,1576732,971,3.25,3.9,4.85,0.38,1680.09,1733.39,0.47,3169.21,-0.6,0,103.46546
74.62,7.5,0.14,1.96,7.25,232.28,11445.1,101.82,77.64,11261.6,147.98,3.7,36230,4.8,3.57,2973.67,257500,1577489,932,3.25,3.93,4.85,-0.47,1760.36,1811.3,0.39,3236.17,-0.61,0,103.58454
74.88,7.6,0.15,1.76,7.25,231.8,11449.8,101.7,77.47,11253.9,150.99,3.7,36226,4.9,3.45,3045.88,279300,1583645,1015,3.25,3.73,4.59,-0.44,1832.95,1884.69,0.4,3251.35,-0.66,0,103.72118
74.98,7.5,0.11,1.93,7.25,231.89,11517.9,101.75,77.43,11279.5,153.89,4,36421,5.3,3.54,3139.23,263700,1583747,1016,3.25,3.89,4.73,0.09,1930.72,1981.98,0.41,3440.38,-0.66,0,103.90437
74.99,7.5,0.09,2.3,7.25,232.45,11545.5,101.95,77.51,11320.2,156.45,3.7,36486,5.4,4.07,3222.38,259800,1586541,951,3.25,4.27,5.19,-0.2,2010.6,2062.91,0.35,3416.74,-0.61,0,104.02498
74.91,7.3,0.09,2.58,7.25,232.9,11538.9,101.45,77.06,11343.1,158.31,5.2,36441,5.2,4.37,3310.35,262200,1593117,986,3.25,4.34,5.32,-0.83,2094.23,2147.71,0.36,3559.71,-0.62,0,104.1097
74.78,7.2,0.08,2.74,7.25,233.46,11573.5,102.18,77.55,11370.2,159.42,5.7,36523,5.4,4.46,3419.66,255300,1601802,947,3.25,4.54,5.42,0.53,2199.06,2252.63,0.32,3639.93,-0.63,0,104.30817
74.63,7.2,0.08,2.81,7.25,233.54,11602.8,102.68,77.87,11423.9,159.7,5.9,36590,5.3,4.49,3509.06,269800,1609587,1015,3.25,4.64,5.47,0.18,2281.08,2333.85,0.27,3731.26,-0.64,0,104.46159
74.5,7.2,0.09,2.62,7.25,233.67,11572.2,102.54,77.71,11465.2,159.58,5.2,36469,4.8,4.19,3630.76,264300,1618713,1031,3.25,4.53,5.31,-0.1,2374.96,2427.8,0.24,3848.2,-0.7,0,104.62189
74.4,6.9,0.08,2.72,7.25,234.1,11602.3,102.86,77.88,11542,159.39,5.8,36541,4.6,4.26,3702.16,277100,1627705,1042,3.25,4.63,5.38,0.39,2463.01,2517.05,0.18,3957.53,-0.76,0,104.79058
74.24,6.7,0.09,2.9,7.25,234.72,11615.4,103.17,78.05,11566,159.32,6,36560,4.7,4.46,3685.39,275500,1634413,1013,3.25,4.62,5.38,-0.11,2485.25,2541.02,0.17,4075.88,-0.79,0,104.86157
74.17,6.6,0.07,2.86,7.25,235.35,11649.3,102.71,77.63,11576.3,159.41,5.7,36646,5.1,4.43,3733.58,269800,1639332,1001,3.25,4.49,5.19,-0.93,2498.15,2556.4,0.13,4154.36,-0.79,0,104.99439
74.39,6.7,0.07,2.71,7.25,235.52,11721.3,103.6,78.23,11629.1,159.91,5.4,36854,5.4,4.3,3869.62,268400,1644526,1032,3.25,4.45,5.1,0.58,2593.88,2650.13,0.1,4199.45,-0.8,0,105.13331
74.76,6.7,0.08,2.72,7.25,235.96,11790.7,104.59,78.9,11715.1,161.23,4.9,37052,5.4,4.34,3925.88,282300,1646379,1078,3.25,4.38,5.06,0.67,2623.03,2676.7,0.11,4276.36,-0.82,0,105.33254
75.16,6.3,0.09,2.71,7.25,236.46,11824.2,104.74,78.92,11748.4,163.01,4.9,37136,5.5,4.34,3965.2,274500,1651426,1080,3.25,4.24,4.9,0.03,2660.37,2714.9,0.12,4119.31,-0.82,0,105.56993
75.55,6.3,0.09,2.56,7.25,236.87,11867.7,105.06,79.07,11787.3,164.72,4.4,37250,5.7,4.19,3932.54,285600,1657276,1007,3.25,4.16,4.76,0.15,2635.18,2688.38,0.14,4135.37,-0.82,0,105.76229
75.74,6.1,0.1,2.6,7.25,237.19,11922.6,105.41,79.23,11840.1,166.25,5.2,37399,5.9,4.16,3970.97,287000,1659665,1015,3.25,4.25,4.8,0.2,2668.35,2722.27,0.18,4332.74,-0.85,0,105.99586
75.46,6.2,0.09,2.54,7.25,237.49,11943.1,105.56,79.23,11881.1,167.17,6,37437,5.8,4.13,4009.08,280400,1668095,1053,3.25,4.16,4.73,0.3,2704,2759.02,0.23,4434.13,-0.84,0,106.14547
74.79,6.2,0.09,2.42,7.25,237.44,12006.1,105.48,79.06,11966.8,167.48,5.8,37607,5.6,4.12,4097.28,291700,1673896,1045,3.25,4.08,4.69,-0.19,2786.87,2842.04,0.28,4464.83,-0.81,0,106.31798
73.98,5.9,0.09,2.53,7.25,237.45,12036.7,105.79,79.18,11975.6,167.28,5.8,37675,5.8,4.16,4072.19,261500,1676801,1062,3.25,4.11,4.8,0.04,2759.28,2814.49,0.3,4551.59,-0.79,0,106.53477
73.33,5.7,0.09,2.3,7.25,237.45,12105.2,105.82,79.09,12050.4,166.95,5.6,37863,5.8,4.04,4041.45,297000,1683296,1123,3.25,3.92,4.69,0.19,2705.67,2760.32,0.22,4403.23,-0.75,0,106.72941
72.9,5.8,0.09,2.33,7.25,237.04,12172,106.66,79.62,12098.2,166.7,6.8,38048,5.8,4,3848.14,298300,1688588,1073,3.25,3.92,4.79,0.51,2519.58,2575.1,0.13,4687.7,-0.76,0,106.96375
72.65,5.6,0.12,2.21,7.25,236.27,12231.6,106.5,79.4,12095.6,166.51,6.1,38212,6.1,3.86,3898.57,301500,1691832,1070,3.25,3.79,4.74,-0.04,2606.7,2665.94,0.1,4732.7,-0.71,0,107.15534
72.65,5.7,0.11,1.88,7.25,234.84,12271,105.88,78.84,12088.3,166.31,5.2,38314,6.1,3.67,4020,292000,1697645,1069,3.25,3.46,4.45,-0.35,2683.71,2745.58,0.07,4673.7,-0.63,0,107.3164
73.05,5.5,0.11,1.98,7.25,235.27,12315.9,105.42,78.43,12128.6,166.69,4.4,38436,6.3,3.71,3866.79,286600,1708196,1127,3.25,3.61,4.51,-0.55,2496.87,2556.07,0.02,4854.26,-0.63,0,107.52021
73.68,5.5,0.11,2.04,7.25,235.96,12306.1,105.09,78.12,12209.6,168.15,4.4,38385,5.8,3.77,4081.66,286600,1714571,1079,3.25,3.64,4.54,-0.02,2675.2,2732.86,0.02,4938.01,-0.69,0,107.57975
74.29,5.4,0.12,1.94,7.25,236.17,12378.7,104.56,77.67,12228.3,170.04,4.2,38590,6.2,3.67,4089.28,294500,1722247,1178,3.25,3.52,4.48,-0.05,2698.96,2756.74,0.05,4985.95,-0.73,0,107.795
74.77,5.5,0.12,2.2,7.25,236.95,12423.1,104.07,77.25,12302.8,171.92,4.4,38705,6.2,3.84,3959.17,287500,1724812,1255,3.25,3.98,4.89,-0.34,2584.36,2641.73,0.09,5029.43,-0.72,0,108.04384
75.18,5.3,0.13,2.36,7.25,237.62,12440.8,103.69,76.93,12321.5,173.52,4.9,38736,6.3,3.98,3951.3,285100,1736534,1363,3.25,4.19,5.13,-0.24,2553.14,2611.13,0.15,5073.04,-0.72,0,108.18964
75.57,5.2,0.13,2.32,7.25,237.99,12439,104.24,77.31,12374.9,174.56,5.1,38704,6,4.05,3989.69,292300,1740221,1134,3.25,4.15,5.2,0.34,2590.84,2649.3,0.19,5082.81,-0.72,0,108.38505
75.87,5.1,0.14,2.17,7.25,237.99,12470.2,104.13,77.2,12408.3,175.01,5.3,38773,6,3.91,4003.5,293000,1746189,1159,3.25,4.04,5.19,-0.37,2608.26,2666.06,0.24,4934.62,-0.64,0,108.51023
75.95,5,0.14,2.17,7.25,237.47,12503.2,103.73,76.88,12440.1,175.13,6.5,38848,6,3.89,4049.77,299500,1756354,1125,3.25,4.07,5.34,-0.35,2643.96,2701.28,0.26,4748,-0.58,0,108.5774
75.66,5,0.12,2.07,7.25,237.76,12556,103.36,76.58,12454.1,175.14,5.8,38985,6.3,3.8,4099.14,298000,1760844,1166,3.25,3.95,5.34,-0.22,2668.19,2725.94,0.19,4879.04,-0.62,0,108.84533
75.04,5,0.12,2.26,7.25,238.07,12556.8,102.73,76.09,12499.2,175.24,6.5,38964,6.1,3.94,4026.14,312600,1761159,1267,3.25,4.06,5.46,-0.44,2602.1,2660.34,0.12,5082.51,-0.65,0,109.04684
74.48,5,0.24,2.24,7.25,237.83,12570.8,102.27,75.72,12531.4,175.22,6.2,38984,5.8,3.96,3816.15,297100,1766807,1218,3.37,3.97,5.46,-0.36,2419.77,2481.19,0.11,5040.54,-0.57,0,109.22546
74.14,4.9,0.34,2.09,7.25,237.99,12563.9,103.03,76.25,12536.6,175.14,6.1,38941,5.9,3.87,3779.86,288400,1770331,1193,3.5,4,5.45,0.14,2376.11,2440.01,0.08,4610.71,-0.5,0,109.30408
73.95,4.9,0.38,1.78,7.25,237.53,12555.7,102.34,75.71,12584.5,175.38,5.3,38897,5.5,3.66,3908.95,305800,1769532,1195,3.5,3.96,5.34,-0.45,2448.8,2510.85,0.03,4463.21,-0.5,0,109.50026
73.88,5,0.36,1.89,7.25,238.02,12583.5,101.54,75.08,12593.3,176.7,4.8,38964,5.7,3.69,3926.84,303200,1776226,1115,3.5,3.82,5.13,-0.39,2460.38,2519.69,0.02,4754.48,-0.56,0,109.67964
73.98,5,0.37,1.81,7.25,238.84,12611.9,101.75,75.19,12699.8,178.59,4.3,39030,5.5,3.61,3912.39,318300,1779597,1163,3.5,3.62,4.79,-0.18,2427.74,2487.01,0.06,4892.17,-0.59,0,109.81245
74.44,4.7,0.37,1.81,7.25,239.44,12626.8,101.6,75.04,12750.4,180.45,4.5,39053,5.4,3.6,3858.65,295200,1778909,1178,3.5,3.65,4.68,-0.52,2384.09,2443.79,0.08,4788.24,-0.59,0,109.83841
75.23,4.9,0.38,1.64,7.25,240.07,12643,101.95,75.26,12814.8,182.05,4.8,39079,5.1,3.57,3846.41,311200,1778773,1193,3.5,3.5,4.53,0.09,2367.02,2427.48,0.13,4856.23,-0.56,0,110.05595
76.05,4.9,0.39,1.5,7.25,240.06,12663.5,102.14,75.36,12849.4,183.17,4.4,39117,5.1,3.44,3789,297400,1777101,1175,3.5,3.28,4.22,0.1,2309.66,2371.18,0.2,5023.99,-0.56,0,110.30403
76.63,4.9,0.4,1.56,7.25,240.57,12646,102.07,75.26,12883.7,183.83,5.3,39036,4.9,3.44,3843.19,298900,1781901,1200,3.5,3.32,4.24,-0.38,2352.3,2413.53,0.21,5217.04,-0.61,0,110.43761
77.13,5,0.4,1.63,7.25,241.02,12638.3,101.93,75.12,12965.2,184.13,5.6,38985,4.5,3.46,3750.28,314800,1786257,1270,3.5,3.41,4.31,-0.07,2265.32,2325.11,0.21,5254.15,-0.57,0,110.63913
77.79,4.9,0.4,1.76,7.25,241.67,12613.4,102.06,75.18,13006.2,184.21,5.5,38882,4.1,3.47,3608.25,302800,1782442,1285,3.5,3.51,4.38,-0.07,2095.13,2156.06,0.13,5255.99,-0.58,0,110.74599
78.53,4.6,0.41,2.14,7.25,242.08,12589.4,101.83,74.98,13046.9,184.44,6.3,38785,3.7,3.77,3649.11,315000,1792850,1255,3.5,3.86,4.71,-0.16,2140.32,2201.67,0.04,5260.57,-0.65,0,110.87728
79.07,4.7,0.54,2.49,7.25,242.78,12569.9,102.79,75.65,13117.7,184.62,6.5,38702,3.2,4.2,3509.85,327000,1798761,1266,3.64,4.06,4.83,0.53,2031.01,2095.29,0.04,5413.12,-0.69,0,111.01468
79.2,4.8,0.65,2.43,7.25,244.03,12627.4,102.54,75.45,13160,184.88,5.8,38859,3.7,4.15,3594.3,315200,1799971,1300,3.75,3.92,4.66,-0.2,2092.78,2158.54,0.02,5561.42,-0.71,0,111.21238
79.22,4.7,0.66,2.42,7.25,244.1,12672.3,102.16,75.14,13175,185.27,5.1,38979,4.1,4.17,3781.31,298000,1799266,1219,3.75,3.95,4.64,-0.02,2237.98,2302.94,0.02,5764.7,-0.74,0,111.36504
79.61,4.5,0.79,2.48,7.25,243.72,12741.5,102.72,75.54,13239.7,186.79,4.3,39172,3.9,4.2,3887.31,321700,1797654,1260,3.88,4.01,4.68,0.03,2326.25,2387.78,0.01,5864.96,-0.72,0,111.42076
80.45,4.4,0.9,2.3,7.25,244.09,12732.6,103.71,76.24,13281.7,188.81,4.6,39123,3.7,4.05,3852.64,311100,1792648,1228,4,3.87,4.57,0.44,2281.42,2344.81,0.05,5912.17,-0.72,0,111.55434
81.35,4.3,0.91,2.3,7.25,243.91,12786.2,103.71,76.22,13310.3,190.82,4.7,39265,3.8,4.01,3796.57,323600,1794446,1168,4,3.85,4.55,-0.18,2225.77,2288.94,0.06,6124.88,-0.76,0,111.67266
82.03,4.3,1.04,2.19,7.25,244.03,12778.1,103.77,76.23,13329.1,192.56,4.9,39216,3.6,3.9,3796.67,315200,1800871,1275,4.13,3.68,4.37,0.11,2206.55,2269.68,0.1,6224.29,-0.8,0,111.85509
82.57,4.3,1.15,2.32,7.25,244.24,12791.1,103.62,76.09,13369,193.82,5.8,39230,3.5,3.97,3802.75,322900,1803598,1230,4.25,3.7,4.39,-0.22,2233.32,2296.93,0.17,6294.67,-0.82,0,112.00012
83.35,4.4,1.16,2.21,7.25,245.26,12785.4,103.2,75.73,13392.8,194.67,6.4,39186,3.5,3.88,3928.68,314200,1812473,1272,4.25,3.63,4.31,-0.09,2344.02,2407.17,0.22,6311.4,-0.82,0,112.16882
84.47,4.2,1.15,2.2,7.25,246.39,12786.9,103.18,75.66,13525.5,195.14,5.7,39163,3,3.81,3885.61,331500,1811864,1225,4.25,3.63,4.3,0.18,2295.74,2357.88,0.22,6428.08,-0.81,0,112.1795
85.7,4.1,1.15,2.36,7.25,246.58,12805.3,104.76,76.76,13569.6,195.41,5.9,39194,2.9,3.9,3871.3,319500,1808705,1316,4.25,3.6,4.32,0.86,2245.7,2310.9,0.15,6603.01,-0.86,0,112.38636
86.81,4.1,1.16,2.35,7.25,247.41,12814.8,105.3,77.07,13665.3,195.79,5.8,39200,2.5,3.92,3925.25,343400,1811331,1303,4.25,3.57,4.27,0.36,2314.46,2378.28,0.07,6796.05,-0.88,0,112.55124
87.66,4.1,1.3,2.4,7.25,247.91,12846.3,105.78,77.33,13728,196.17,6.6,39274,2.4,3.95,3823.21,343300,1813517,1300,4.4,3.51,4.22,0.22,2244.27,2309.82,0.08,6889.74,-0.86,0,112.68482
88.25,4.1,1.41,2.58,7.25,249.25,12910.2,105.56,77.07,13760.6,196.18,6.1,39449,3,4.03,3824.69,326900,1816628,1377,4.5,3.55,4.26,-0.26,2214.6,2281.02,0.06,7279.5,-0.85,0,112.81916
88.85,4.1,1.42,2.86,7.25,249.62,12926,106.62,77.73,13762.2,197.01,5.3,39479,3.3,4.33,3890.9,325800,1822456,1321,4.5,3.82,4.51,0.98,2238.78,2305.26,0.02,7161.77,-0.81,0,113.06648
